,y_pred_linear_regression
0,59.083147346338386
1,66.11713388426934
2,75.930051784198
3,39.77182613315904
4,41.471572559487974
5,57.233401221189645
6,47.31583466863791
7,69.12311969768324
8,64.82595958023646
9,57.55430724604953
10,61.944664846991344
11,85.09181556017447
12,51.50602894571182
13,55.01146357180237
14,80.07885430113231
15,60.658937394404006
16,55.17509031868063
17,47.69789526660677
18,65.1362868556555
19,67.55692382932929
20,59.52250132059503
21,57.96319404368726
22,40.52221997289265
23,54.76094636373713
24,56.79316043915085
25,55.56285326649546
26,50.52674390698447
27,62.491088660155754
28,89.30494878975142
29,59.429077178666844
30,68.3383334741041
31,36.78785883057361
32,62.65783050295811
33,51.725773714786996
34,44.038469767539
35,57.90904946356219
36,50.912320530248394
37,49.02369325969103
38,62.849217765765616
39,54.30387183480216
40,42.590331065497104
41,48.2483453308066
42,53.58089415230839
43,46.662391148938426
44,49.809966884712324
45,47.70526682415978
46,62.49462121992597
47,35.605183613878935
48,62.94409606704284
49,59.423364479140055
50,64.71957530900173
51,51.47285547401628
52,59.107711777540324
53,58.654942982828075
54,85.35806314199328
55,49.44161188552633
56,57.956672066613464
57,62.93617298608892
58,47.177211309536915
59,69.61830862166033
60,66.20449799945769
61,56.20361897734993
62,57.319996331851456
63,55.76249171183601
64,67.98301393735515
65,43.67265322763211
66,57.49750949388566
67,60.64568452348843
68,58.38523101652173
69,39.15945688298263
70,58.87912080573222
71,62.55504863724841
72,56.57365715443865
73,74.98818255709614
74,69.30798134624129
75,66.06263822748491
76,42.4271748891044
77,59.32028998366666
78,41.85822049806167
79,48.55845225799008
80,50.55328958205797
81,57.55430724604953
82,71.72655140416578
83,64.35966151451183
84,45.89215823182373
85,56.920151443355365
86,54.858451307455944
87,52.15206628805145
88,58.47053953515768
89,65.26891816601332
90,73.91830978569239
91,57.96319404368726
92,39.017349436803826
93,38.44180096576676
94,86.8624584736495
95,55.81282522751259
96,49.12425034699737
97,74.63637815732977
98,47.38313405790677
99,78.32954617070219
100,47.67859150244921
101,60.60246041655413
102,52.87571221583106
103,55.81918045808344
104,47.236444723584924
105,57.8654811710813
106,58.54400636627291
107,48.035211527951326
108,47.31753042966004
109,58.757140347735785
110,59.97473791371716
111,61.77601172573903
112,63.43476354250869
113,74.55331569656734
114,42.426597569868115
115,58.911131393855825
116,58.75583198107975
117,70.95487139742242
118,38.88048932502418
119,57.90376023406824
120,62.42732646460416
121,67.55142843532622
122,55.491686068963
123,42.403482781640726
124,52.85740629182304
125,57.80729564675514
126,56.2155651304323
127,65.25685023591568
128,92.74935939759794
129,55.46672533141283
130,61.24215558597692
131,61.90708104621036
132,43.87136023639897
133,82.94342779316074
134,61.90592640773777
135,49.952085574860554
136,51.5609832048848
137,49.069148355855624
138,55.81282522751259
139,81.87105944713598
140,57.951768644633674
141,74.25416186884797
142,82.29367373920674
143,50.79831325408118
144,57.8262833555611
145,53.249259339122666
146,45.44508167452526
147,56.7928093624915
148,65.24071292660443
149,76.85435660879887
150,57.55430724604953
151,74.54723567635898
152,59.63992371753726
153,43.866712744581505
154,74.86720260389197
155,43.43500387430208
156,45.585877616339566
157,36.000900975609234
158,67.26589479920399
159,77.39807157900555
160,74.11236930264178
161,59.45902492780017
162,60.66877050122574
163,52.325043151917484
164,41.30208269642418
165,55.81282522751259
166,35.81004448567045
167,38.961092807189495
168,57.035052973562486
169,91.02648282394546
170,61.45680512280407
171,39.86075579779035
172,57.8262833555611
173,58.30153651262499
174,62.351230467146536
175,58.16794060968478
176,52.70731925065335
177,72.23875400849704
178,63.02760052504939
179,63.78637063719996
180,57.13276584616844
181,55.69494345430373
182,45.50047015442351
183,45.7754006161345
184,83.62740453503315
185,57.06141795565523
186,42.14431984334502
187,73.76414334646914
188,51.22343433009088
189,50.897941356492815
190,84.6241569819211
191,67.59566226858286
192,62.77103055640932
193,76.98681281650644
194,75.97056629549172
195,75.79194937598649
196,51.288127306140915
197,60.714354265518374
198,56.8441684306226
199,42.93515359908811
200,63.78637063719996
201,50.23002964159687
202,43.554804192541944
203,56.771047991049144
204,70.0624580425965
205,48.05845276751971
206,52.00708529787115
207,45.512150187270144
208,84.20379629070713
209,63.182570526085854
210,66.02710627381
211,63.43269662675938
212,56.698807901327015
213,64.29015370270716
214,56.56537302915597
215,55.81282522751259
216,59.0811869400574
217,46.66120907222471
218,40.03831578572075
219,47.16770427690673
220,56.016757506538504
221,50.91936531618197
222,50.82277530578739
223,50.14975180933168
224,52.700958893347774
225,72.74520847613753
226,42.53165568395136
227,44.61867269870017
228,50.39033225037975
229,56.56537302915597
230,59.32028998366666
231,47.259603220098995
232,63.13172209955134
233,50.16597410997241
234,46.399931027372595
235,37.53687061387872
236,63.94842405521
237,57.64201868845093
238,74.07555915474566
239,40.52630282951425
240,45.54070650333839
241,56.03810642355935
242,56.1263589885103
243,70.42008685629061
244,62.52796183962536
245,65.10517192530885
246,72.64839126130855
247,41.552964968005256
248,54.49041459159535
249,34.833833139895184
250,62.12826355746954
251,73.95974448478427
252,54.30387183480216
253,67.53359064602118
254,53.43368887104762
255,50.39033225037975
256,76.83808051892738
257,76.56258421924352
258,56.20710944609203
259,66.06816088112151
260,43.281271808877655
261,56.489195285415434
262,53.798118814171204
263,61.36788335617459
264,72.74520847613753
265,74.27460285207692
266,56.31732996285068
267,59.48838232015783
268,72.46086491565188
269,46.42806003936239
270,56.36027538649909
271,44.27888777408082
272,48.56043663612269
273,56.937669633716126
274,40.60996113672425
275,56.14093313255606
276,54.77326644752344
277,65.88936112706145
278,53.775074136128225
279,74.96743633725694
280,59.48838232015783
281,54.39862483292715
282,37.57395500766072
283,67.1033571885376
284,70.52631109352757
285,57.25542620727466
286,55.064703761728225
287,48.76252903331002
288,59.52250132059503
289,53.167658594752545
290,48.17224705015991
291,82.19308438285152
292,57.07897234270273
293,66.08401950714688
294,63.78637063719996
295,43.10748794128189
296,65.46160277344846
297,45.66021281957489
298,64.84799963496468
299,58.646545258060584
300,51.92899814848755
301,64.88353504720764
302,37.9854335995751
303,75.10837125310573
304,53.363977942910445
305,63.439176691412655
306,41.359711270034815
307,56.14093313255606
308,37.55200742437379
309,38.594735144733065
310,52.22698450252971
311,69.70713850584755
312,80.4430839299632
313,52.630107979525
314,67.45003463223173
315,59.535833364151515
316,45.08745130997461
317,58.66831046354855
318,62.67794512154258
319,78.4523368226995
320,66.831092086438
321,55.875571554218254
322,81.29205165424955
323,64.08816131574204
324,47.177211309536915
325,44.25964882023012
326,72.2551899537587
327,62.64751971164476
328,56.04481273078956
329,85.35806314199328
330,43.10748794128189
331,56.23922332439831
332,74.83148061567653
333,45.68758016781665
334,69.34165044064069
335,58.96810070507729
336,57.95824870928695
337,58.834164741089054
338,50.022278826901186
339,57.96319404368726
340,56.91452738122426
341,35.81004448567045
342,46.82104512317524
343,51.19592466782316
344,59.04255891045736
345,46.745115165911386
346,43.90522494125814
347,82.18126860644253
348,56.65074864128785
349,58.655025759727195
350,53.67905015715877
351,65.35184530478357
352,39.82862388532291
353,57.470963818812166
354,53.4874461778266
355,72.74520847613753
356,65.25685023591568
357,67.76568733383147
358,42.36042125633214
359,42.5159685766049
360,51.43852488378913
361,39.099699256337786
362,38.306484120729
363,62.37137029053355
364,51.19200550063734
365,56.66898864717892
366,57.054127438075966
367,55.1667846494982
368,62.32745845470943
369,68.91073725318088
370,71.10509329151448
371,56.0651932211824
372,75.27309673917956
373,42.40642866926522
374,55.094219191893714
375,55.52966649599952
376,53.73492986310782
377,63.02760052504939
378,57.35136474068142
379,51.39015798664053
380,51.21923178512981
381,80.16834605835261
382,56.67631536144492
383,50.52674390698447
384,48.05520319414153
385,48.93644465212432
386,56.3877132607815
387,42.76993438137039
388,62.534983026828186
389,114.72543388691392
390,66.0766153900828
391,57.57223354734697
392,62.70584785057676
393,62.40154815465714
394,73.0037277080102
395,70.02053348628505
396,40.22778104492919
397,83.27765001608539
398,46.383645097268776
399,105.43969824892983
400,46.13395937658079
401,58.08261054714909
402,51.000882965747365
403,55.682786886810405
404,45.68758016781665
405,66.89499191089799
406,56.40500520856533
407,71.95626812472872
408,73.95974448478427
409,53.10312336809117
410,48.58966804274607
411,56.71000705780367
412,58.790904437468015
413,68.99956713736812
414,70.86569174155119
415,72.90701928557615
416,58.54400636627291
417,62.14979868633496
418,48.49344758647165
419,44.84369145548327
420,55.49624413001721
421,67.28483292662547
422,59.32028998366666
423,48.54941542036791
424,41.287259590522744
425,51.99203486760605
426,60.141995517226746
427,53.973404322150834
428,50.09598125350279
429,41.588270857710825
430,41.18981033255944
431,56.36027538649909
432,53.697550532645934
433,48.86440178985811
434,49.97513937745488
435,73.45519221623681
436,87.77198869136927
437,61.80996586136145
438,45.7754006161345
439,64.06037236480029
440,74.50992827567481
441,51.63488057575324
442,57.875708843862796
443,60.72606175667541
444,41.10881554706908
445,73.81574356699761
446,56.826149982190884
447,57.7671818546877
448,70.50353975851425
449,41.9339762376013
450,121.50830796136489
451,61.473654871009046
452,39.19627766212197
453,58.538825664744316
454,40.38715525781642
455,51.47354109285984
456,62.78124202554729
457,57.41136004137077
458,55.96197768798305
459,70.46274900308478
460,56.09949843346418
461,68.77540880353274
462,57.97978383815237
463,52.700958893347774
464,60.67142497823991
465,66.02710627381
466,56.91317580574872
467,43.281271808877655
468,42.79237791308825
469,62.50247322857555
470,50.16597410997241
471,67.34939925721054
472,39.1554818568985
473,51.79430355112089
474,75.47877170107273
475,62.40579133573873
476,65.86481527424132
477,43.11065477160576
478,52.700958893347774
479,64.08780058402311
480,42.015577178841376
481,58.05061578719145
482,78.3357784804066
483,75.75456752163306
484,61.9033538066029
485,77.3284342897996
486,58.35265776194882
487,81.16794724622648
488,58.562738755286055
489,46.82248600197697
490,45.29979409922218
491,55.57242187375775
492,40.918489164068525
493,64.32895923545665
494,50.39033225037975
495,49.137524378062835
496,57.54134711674298
497,63.441861757032044
498,89.65933292831113
499,81.74084612918682
500,64.7777280952092
501,65.94108123952131
502,57.47254509543269
503,47.81883837396164
504,57.27122779902272
505,73.28693198911944
506,61.58634540502908
507,72.47722846754006
508,51.276910720891266
509,57.621648547738914
510,56.36059026647171
511,80.60382594799285
512,41.9999663392927
513,68.3383334741041
514,57.035052973562486
515,59.37304679162945
516,57.864093398919024
517,37.7904818834168
518,51.95416139165499
519,47.07807446808194
520,43.52018026624193
521,58.23121842650194
522,60.477517598552915
523,57.11475208285431
524,48.5751085514873
525,63.7820772214046
526,46.481580753883605
527,54.76762748989193
528,43.409629041344694
529,57.50298493522419
530,56.56537302915597
531,81.50904254021003
532,69.25349287102257
533,44.25964882023012
534,50.819497306287246
535,42.45681345027175
536,59.32028998366666
537,65.99765274910825
538,34.90099942395891
539,57.521281506322765
540,55.33692765771647
541,60.98896640875795
542,66.831092086438
543,44.23299985497395
544,64.38040773435101
545,56.11720666971513
546,62.39037242376841
547,73.60017461595504
548,37.36931556589149
549,63.00548807694767
550,69.70713850584755
551,73.45040942959675
552,57.28330607880118
553,72.23875400849704
554,51.94648219699256
555,57.58474119149965
556,61.918434051890465
557,49.03765734638182
558,64.37548394385045
559,48.80853626763549
560,45.35737023212387
561,51.14270296472991
562,68.91414961281572
563,61.97560600149335
564,62.50347147022601
565,45.382723521181504
566,52.431110309741015
567,55.17894121699153
568,56.622384252797964
569,76.31559821696192
570,62.351230467146536
571,45.18637019076723
572,59.681099638268265
573,49.952085574860554
574,73.83446983076051
575,58.86031813339185
576,64.06174430879659
577,70.61688000514405
578,59.2398019653486
579,81.92137713464658
580,62.342702216289965
581,51.47957090579784
582,58.140853812061735
583,68.02603698278793
584,76.83808051892738
585,63.370196558594344
586,50.52674390698447
587,57.83967012301561
588,42.48377847087953
589,44.759659078271326
590,76.2185806065619
591,43.18107426622333
592,54.80837657014025
593,77.45988970823804
594,51.53045450480431
595,51.116947602419714
596,55.23596137768672
597,68.10750790191338
598,57.40756116791258
599,60.550101583368686
600,57.422227407922094
601,60.17309306855087
602,57.521281506322765
603,48.35337390206723
604,58.35265776194882
605,56.20361897734993
606,50.640869111284765
607,67.1033571885376
608,57.41571765568342
609,48.908816731951724
610,58.16794060968478
611,54.90791504727536
612,39.257834536841585
613,64.29807945871681
614,46.058036515060664
615,64.64973533961563
616,39.777692681889285
617,57.64988652526649
618,61.473654871009046
619,60.83031055283297
620,42.041736286877956
621,81.30900788447018
622,49.85032140837268
623,41.393588471928965
624,44.87474481119779
625,42.804311696572704
626,57.141648834587166
627,57.22737898194646
628,56.653084471557364
629,58.77390700113604
630,43.96692148145476
631,46.92252714780918
632,61.9033538066029
633,60.011606806174385
634,56.42997306558635
635,58.47007122183784
636,51.47250780617449
637,43.19269420035136
638,47.14465959886376
639,66.33920859473743
640,52.18823163884724
641,63.8883673767585
642,57.93890608977602
643,72.90701928557615
644,55.699763954621616
645,57.05574145281517
646,40.9373756375228
647,57.49390066631767
648,45.35410374879298
649,70.61214856744988
650,66.14237541515163
651,55.36620578931503
652,61.9033538066029
653,86.7901016163367
654,59.577697477368105
655,39.85644552321283
656,48.20449305516229
657,60.20566632312377
658,55.64724580858416
659,78.41729909345617
660,49.549061688777414
661,38.77991167326373
662,51.897179661085126
663,62.77103055640932
664,58.96810070507729
665,65.06256696191315
666,44.42385634491272
667,43.891747695098466
668,58.07968804473384
669,50.402278778939674
670,49.52932126763196
671,64.19552642358138
672,67.88894535116691
673,59.80911796133912
674,49.70762090838386
675,55.552724768769885
676,53.63820919446821
677,72.72985766379708
678,72.43007036749015
679,58.937905193194425
680,57.00971249598234
681,42.49961576272817
682,58.20872588661984
683,63.34385554835322
684,57.875708843862796
685,69.94561296489057
686,55.92126134585342
687,54.014233038635815
688,43.66465326412046
689,49.8605197755802
690,66.02710627381
691,53.34324978467581
692,59.628287904072714
693,49.66270575938982
694,38.41171375349116
695,43.33183728286494
696,42.270011712782946
697,57.376647477675064
698,50.70922417567683
699,45.31596988840924
700,63.503935927212375
701,62.183139306034356
702,48.78491183831993
703,51.26944412762674
704,74.19821894382727
705,67.10813501691221
706,57.470261665493446
707,42.88726055785031
708,41.994955793084614
709,57.27975077372888
710,73.962724727786
711,56.442093436392945
712,70.96999167344234
713,68.11746175636614
714,43.65659420603573
715,54.72429479289741
716,52.87525973067719
717,54.485820333854406
718,44.29792788321705
719,71.65903040626704
720,65.83633000302474
721,53.46179594700856
722,50.935003227866034
723,64.72221954398732
724,55.95495304221217
725,39.95075435847719
726,60.84112243596353
727,56.36027538649909
728,59.675522058398904
729,58.78473925278736
730,73.28693198911944
731,82.10339849614212
732,45.50187942668914
733,54.85336738296395
734,58.11472442545536
735,41.03822221020485
736,51.98491510918294
737,51.35247661141066
738,60.42008478656626
739,46.4101699347517
740,66.96707437866851
741,48.376581671175146
742,85.82260573982181
743,77.05797972358594
744,62.725809846507296
745,49.03029609813096
746,43.733957826690784
747,51.25007861022947
748,52.47600723006062
749,50.52674390698447
750,79.63404636501579
751,57.86707364192076
752,62.653072981009416
753,62.77103055640932
754,56.14093313255606
755,61.02360270465588
756,52.334094250197545
757,59.23505385840419
758,57.277094347752964
759,51.788960660769874
760,50.5563403771237
761,43.409629041344694
762,66.62309160357748
763,85.15047511355425
764,51.426555295747036
765,55.63837194471679
766,51.71991976401275
767,51.446892127603675
768,58.34197071290069
769,64.35966151451183
770,59.681099638268265
771,45.44508167452526
772,54.79130192788014
773,63.468510722288215
774,55.76594026815759
775,58.47007122183784
776,83.29524591282983
777,71.85956998786969
778,43.19633061092327
779,60.94906869708476
780,75.16459221951496
781,48.66995499956262
782,65.35184530478357
783,55.37188229215508
784,80.06337886485413
785,60.6806659779772
786,47.08155028403704
787,41.93304784170565
788,40.38715525781642
789,48.21889887582521
790,65.51310532458311
791,78.12483554246629
792,43.995938349168625
793,50.54001685596788
794,51.34672388115151
795,36.56452118202567
796,57.95292328310626
797,65.46697812736164
798,41.009175006300815
799,70.48918684762081
800,54.99951212850959
801,58.78278998955476
802,63.2660749840924
803,46.10665844154913
804,78.27859345489664
805,62.22219262526054
806,51.837682043395404
807,70.01083186740988
808,59.293412518667836
809,56.73942396996246
810,78.87770393981607
811,44.42385634491272
812,41.519357223924615
813,42.666261022760956
814,44.45591248263251
815,60.05295975898334
816,61.49362499329949
817,40.70156430807032
818,45.557403046554235
819,55.996734634756436
820,56.887104159728835
821,56.837801623821406
822,61.537520356743315
823,58.62956819024937
824,70.95191152294144
825,49.647802082584455
826,58.00622589873618
827,44.858813791798944
828,69.18696548082724
829,56.20957946335341
830,52.700958893347774
831,46.58747634327774
832,57.65090636198724
833,39.03907077751383
834,58.66942890533439
835,63.7718064608236
836,78.19283127572783
837,57.43021473856385
838,70.0899070599273
839,62.694042359742795
840,52.500897838418155
841,62.42192864504998
842,54.412307953142985
843,67.2327962502475
844,62.77103055640932
845,74.63927267115575
846,49.4564896749471
847,70.36920809356593
848,44.309280888897156
849,73.50900669958753
850,40.70156430807032
851,47.62957430369178
852,55.97897284112595
853,71.96502586320878
854,60.70963040498212
855,52.53654306430045
856,57.55430724604953
857,67.38383003965356
858,48.548762046855344
859,60.04759242038213
860,73.90942679727365
861,59.53557817272312
862,58.58076005191632
863,74.54331533408951
864,36.09883663222407
865,56.489195285415434
866,44.48852193389216
867,70.48918684762081
868,53.15500645430585
869,57.94223623405813
870,56.80384748819898
871,48.63760435039098
872,93.46478277472697
873,50.09598125350279
874,57.29980274668635
875,57.459147312366866
876,48.45615960182256
877,62.144400866780785
878,47.39456680074457
879,64.71957530900173
880,44.35959857640776
881,43.18165158545962
882,58.651910714973624
883,39.770582481813214
884,43.25196093916042
885,60.73598372378613
886,50.18805036138738
887,37.84241358566661
888,43.27690842766068
889,51.77209132257511
890,58.37932827110474
891,64.46389982275963
892,56.82475150859736
893,56.64219636100772
894,63.542674366465945
895,41.95837594968788
896,53.679502642312634
897,67.6246221020194
898,65.76457610961941
899,63.44104972722616
900,75.7433482870886
901,43.50891973200312
902,62.76343433315928
903,54.77326644752344
904,77.43900517690844
905,64.82283143212314
906,54.485820333854406
907,49.4785762760429
908,47.69916939890555
909,63.7292683885891
910,48.2483453308066
911,63.59197223234556
912,55.69788632523975
913,55.77464373897455
914,48.45197551531405
915,60.20508900388748
916,81.78909690094812
917,54.53482953368897
918,48.49344758647165
919,56.024652125036496
920,61.701125559721824
921,50.09950121531702
922,48.7175764272349
923,57.503448435989384
924,49.75501145953217
925,43.49324731782233
926,55.07259314244353
927,78.50961266114199
928,57.32521134837862
929,68.55350464988608
930,66.33491297294688
931,64.88353504720764
932,50.21261638679494
933,58.696135611177056
934,82.36031954144153
935,66.87245033912451
936,39.36082728603206
937,59.19060271962383
938,58.04130068213963
939,56.54249321592778
940,41.872387000240565
941,57.8654811710813
942,39.18327080784026
943,55.80518363327397
944,39.572497267913555
945,55.01146357180237
946,58.54400636627291
947,77.83328939548787
948,57.11259694556554
949,52.22375764843027
950,64.35966151451183
951,49.20060650052959
952,57.32813385079387
953,66.87245033912451
954,62.439470662499566
955,64.08816131574204
956,54.96110968760503
957,43.225804088289564
958,59.03444741166368
959,70.33010233363079
960,75.02392362143858
961,62.89190075015037
962,50.75333316641586
963,45.03336447043604
964,77.57673478594398
965,51.2838426999617
966,81.92137713464658
967,56.489195285415434
968,64.63342202244121
969,55.557229204364354
970,58.34197071290069
971,69.90347110305538
972,51.78306703990424
973,53.22983951368361
974,39.19627766212197
975,50.749708756365706
976,63.32554278440297
977,63.93663321716301
978,56.70760779494101
979,41.249258794965456
980,58.911131393855825
981,38.11994136393581
982,39.20584037504288
983,81.79849975846959
984,63.903458816264994
985,45.3627318549913
986,79.31547411559444
987,72.24909716245153
988,67.02811531191398
989,58.469466642968015
990,73.87389484359876
991,45.68758016781665
992,56.82101928701797
993,45.32864580619428
994,38.79469740709944
995,38.729593985753134
996,46.03409136668607
997,76.95377095816075
998,52.97470081197102
999,67.72123619505112
1000,40.288865065974164
1001,40.38864995733702
1002,57.96319404368726
1003,67.84888974707002
1004,37.07027420265663
1005,52.90331701522401
1006,49.71819502387767
1007,66.24666406889874
1008,40.71181352475157
1009,87.42229833381903
1010,63.2660749840924
1011,38.79336165978987
1012,70.36920809356593
1013,56.39365220288522
1014,70.36920809356593
1015,43.67642237966009
1016,71.30683484929108
1017,64.3061011447358
1018,45.16059107012692
1019,51.190722194036724
1020,51.27770269635646
1021,47.721846090336456
1022,41.59737991009888
1023,51.5712539654658
1024,62.14979868633496
1025,44.426341014961096
1026,57.21998171561647
1027,49.75501145953217
1028,77.67747963595144
1029,54.043305296178204
1030,65.92504103559841
1031,50.062300572755376
1032,39.668210515136096
1033,53.34324978467581
1034,62.988547205823195
1035,52.11173761139702
1036,42.84099828872018
1037,54.42061362232542
1038,64.85177590646352
1039,47.51574382436484
1040,69.7203317688438
1041,40.34991151808346
1042,52.847975705598245
1043,69.70713850584755
1044,38.77991167326373
1045,69.71994478595066
1046,109.01813092922
1047,57.05685989460102
1048,63.256949924930765
1049,64.46931847990439
1050,63.7292683885891
1051,63.037710254861224
1052,56.41462243186275
1053,54.37814222773062
1054,47.41568576857993
1055,46.04316903494203
1056,54.94767229903489
1057,64.98377104371443
1058,51.83031772870559
1059,56.81990975484193
1060,54.256161769734184
1061,55.82496142648515
1062,59.377357066206976
1063,52.19910715987607
1064,56.09093378358613
1065,66.03694266059219
1066,50.42875050978315
1067,55.546788060104745
1068,70.61688000514405
1069,51.897179661085126
1070,43.01047188173842
1071,55.73608481732275
1072,58.683725541473265
1073,72.43007036749015
1074,72.57212212791345
1075,68.55350464988608
1076,52.07893811424718
1077,48.92236373027396
1078,37.99568627482441
1079,58.10584143703664
1080,58.0743264218664
1081,52.865190031597706
1082,54.72179046063746
1083,55.41741567603454
1084,71.29163604830768
1085,70.25071238857781
1086,54.817945177402535
1087,42.08652159236497
1088,59.5285902778566
1089,59.83566363641261
1090,44.07121888427565
1091,49.4217681741982
1092,40.641516982528266
1093,56.170773930603914
1094,54.232808958068574
1095,62.08537057453007
1096,54.9387652811926
1097,58.84907530900718
1098,52.93089572489764
1099,46.55982481890962
1100,49.170913188274
1101,57.1341117059102
1102,61.97893386258639
1103,59.628287904072714
1104,51.91231647158019
1105,57.31942242143273
1106,59.61583152524999
1107,53.42981188848218
1108,51.12134146458965
1109,44.35959857640776
1110,69.17683579835088
1111,44.21853793816406
1112,45.462212591539924
1113,76.10058089038338
1114,46.414918041696104
1115,61.889789098426526
1116,43.487406147037454
1117,47.54907509115479
1118,60.141995517226746
1119,74.28299598327605
1120,66.03975971923208
1121,62.99441375455345
1122,91.08003818429687
1123,51.47354109285984
1124,63.16026803209395
1125,58.02687997144108
1126,53.89469741682535
1127,54.96563708020813
1128,39.22106048267741
1129,59.83003456485691
1130,45.88949169341562
1131,43.11065477160576
1132,58.169672567393654
1133,78.16919433940173
1134,41.94095570925356
1135,55.796899507991284
1136,64.35966151451183
1137,64.73790741085654
1138,55.72267996453655
1139,44.30052202825168
1140,60.011606806174385
1141,54.24469633994825
1142,68.79197910892908
1143,51.14270296472991
1144,73.08267410496252
1145,43.092821701272385
1146,58.911131393855825
1147,51.97370848148502
1148,61.628083749495964
1149,84.27583855430716
1150,44.25029526132583
1151,47.987961545459164
1152,34.49672842796189
1153,70.07526432269961
1154,48.59596858979758
1155,58.98782443908274
1156,62.756165538087366
1157,56.215766191933824
1158,44.209097999029815
1159,44.62538607565075
1160,51.14270296472991
1161,51.921281776272664
1162,69.90347110305538
1163,54.26339113790938
1164,65.47405200535694
1165,43.425802547342684
1166,48.20242083953543
1167,79.0246770200527
1168,60.81373700239007
1169,65.78726558650447
1170,48.611780669455385
1171,51.65950653041675
1172,89.78821547262959
1173,58.335063344168965
1174,59.94236850335375
1175,60.211027945991205
1176,55.1861467580779
1177,48.54852667972706
1178,95.85997375608066
1179,76.74833835746342
1180,79.85177691113583
1181,49.78834088501263
1182,65.09125839763884
1183,44.95147056860065
1184,63.44104972722616
1185,51.33926297989364
1186,74.20829276740531
1187,55.84234542985404
1188,68.96963887730357
1189,70.26902520369859
1190,60.73937679668693
1191,37.82856677601498
1192,47.679690802263806
1193,44.448428460595
1194,67.1209412970153
1195,64.25902613949063
1196,69.26605678992982
1197,63.45361823970177
1198,57.20871734733205
1199,59.1297880289553
1200,70.78138241675606
1201,69.18696548082724
1202,44.98070561239969
1203,91.51821158151654
1204,56.425648138221845
1205,58.47053953515768
1206,65.65228909296769
1207,64.36674615803493
1208,66.14237541515163
1209,67.13657920869937
1210,49.85032140837268
1211,54.859208144294
1212,62.34510396467643
1213,59.23470741569188
1214,60.50541484910195
1215,39.82397953763099
1216,50.17343295093451
1217,60.18514752124051
1218,45.43628043238946
1219,75.36077198489423
1220,62.06557587136618
1221,67.57121152841495
1222,46.8799524630317
1223,56.961586142447246
1224,50.47642621947387
1225,52.50983635845779
1226,58.29697845157078
1227,62.201800940648766
1228,41.961758006977355
1229,50.25538131339594
1230,51.22012722938527
1231,59.49560456886218
1232,51.14270296472991
1233,68.79197910892908
1234,35.63926641762939
1235,43.613394811116294
1236,57.55430724604953
1237,56.97825648037289
1238,58.140853812061735
1239,57.55430724604953
1240,41.36370666463972
1241,70.71317462463476
1242,46.04149727961632
1243,45.0218756323879
1244,49.787536147820425
1245,71.42167438900987
1246,61.628083749495964
1247,72.3252545376713
1248,59.00646288659609
1249,65.83574301669893
1250,57.263819338473795
1251,57.67405082047429
1252,59.23505385840419
1253,48.99350710071759
1254,50.605952743200476
1255,54.945287258266404
1256,63.097761923888115
1257,50.12862690144918
1258,45.05657536728038
1259,58.21860937385475
1260,56.489195285415434
1261,36.43126534013349
1262,63.00548807694767
1263,51.516922748268115
1264,56.45424065097683
1265,56.31732996285068
1266,67.58918220392958
1267,46.545106178569846
1268,56.160503170022906
1269,49.33221529910168
1270,49.54326564236067
1271,61.10170934310825
1272,52.70632051621521
1273,63.16026803209395
1274,60.39697301502735
1275,58.430259474538374
1276,55.92126134585342
1277,62.84746543953598
1278,71.39806589286573
1279,69.70713850584755
1280,58.21838313127781
1281,52.469994271820354
1282,64.3949475633982
1283,54.17950999694003
1284,62.84746543953598
1285,66.03639118836182
1286,61.227440867800965
1287,43.2279795940991
1288,57.8654811710813
1289,61.747996532220334
1290,77.77785168678294
1291,67.57348431822044
1292,49.336141530543074
1293,40.05343222769505
1294,57.243671981770646
1295,76.61588214975586
1296,43.18107426622333
1297,81.22760832903863
1298,60.75229255177629
1299,51.10745138853091
1300,53.73593789524014
1301,48.02381567172035
1302,52.76131420774968
1303,77.67747963595144
1304,56.425963018194466
1305,43.47695815204376
1306,69.44295813023102
1307,69.25349287102257
1308,43.164415536952795
1309,39.77182613315904
1310,69.23955333752386
1311,63.582305004928415
1312,54.669776406716565
1313,63.94028806339699
1314,56.006615414085545
1315,48.90822906303461
1316,55.83300878090247
1317,56.82101928701797
1318,74.6301396943496
1319,44.68180373603424
1320,71.20461022474984
1321,58.90562645007336
1322,63.2660749840924
1323,64.95000311993658
1324,50.800140262347405
1325,91.90594553197064
1326,54.592458107299606
1327,59.58816169265687
1328,55.12504630503131
1329,37.74664426055947
1330,53.46831397272662
1331,36.56452118202567
1332,70.26902520369859
1333,40.77511860120226
1334,75.19987095939857
1335,39.25725721760529
1336,39.9050709594399
1337,53.94321104370655
1338,73.4233629324582
1339,57.31583278700653
1340,49.770028121062396
1341,58.65650497271458
1342,83.71762384989145
1343,61.00264489502675
1344,71.8092523003591
1345,41.94482815146421
1346,43.092821701272385
1347,59.10713445830403
1348,58.138940745515875
1349,58.664917390647744
1350,62.87411671170836
1351,36.24825842307097
1352,64.90900437152342
1353,44.42385634491272
1354,43.713590070581546
1355,80.66302021623454
1356,57.14040421019709
1357,36.970158406285215
1358,59.71531621315435
1359,40.455940369174
1360,43.002837178612566
1361,60.83031055283297
1362,48.520940850582576
1363,115.91052432206504
1364,74.8112118223589
1365,67.46238772087179
1366,63.00548807694767
1367,62.55906402489653
1368,55.171568953129345
1369,41.556709117565426
1370,67.34939925721054
1371,52.356541972009346
1372,55.7578586081135
1373,62.235015149385845
1374,74.20710193224599
1375,44.33678014094171
1376,89.35097776390997
1377,57.94223623405813
1378,46.045129492393556
1379,49.0729175078836
1380,56.81786585690821
1381,43.409629041344694
1382,56.14093313255606
1383,58.885600870385495
1384,56.59405970754228
1385,41.867488878138325
1386,70.35210049966565
1387,71.33230338227307
1388,73.87389484359876
1389,77.3284342897996
1390,57.94223623405813
1391,52.53654306430045
1392,72.90701928557615
1393,70.82118873877468
1394,52.50983635845779
1395,63.087068325359965
1396,57.0090951460137
1397,63.709647085792284
1398,60.058663333958776
1399,58.140853812061735
1400,47.42338776207167
1401,63.17153240037837
1402,49.58036628953669
1403,57.015461392195874
1404,62.46606490385772
1405,42.3935356334546
1406,51.4680290122808
1407,49.491929573036934
1408,51.12157805684741
1409,42.593722587541365
1410,71.9098876753803
1411,51.14270296472991
1412,59.812024635588386
1413,59.01884569666635
1414,59.26719980889865
1415,47.220524719797396
1416,73.28693198911944
1417,47.96235390965296
1418,41.8296788347804
1419,37.67431741512983
1420,47.093504386291784
1421,40.94909251468822
1422,84.57085905140876
1423,64.33320241653824
1424,78.99801293293976
1425,58.20146744122875
1426,55.96619203255122
1427,41.58578137510781
1428,70.15128792678374
1429,51.02758967159003
1430,73.28693198911944
1431,56.430549130023074
1432,59.56040000134864
1433,58.54400636627291
1434,46.414918041696104
1435,44.171823803048426
1436,57.64201868845093
1437,58.911131393855825
1438,62.72792410199174
1439,50.2617217125722
1440,45.68657073194726
1441,64.03691523233579
1442,62.956829953772456
1443,50.410222883553
1444,51.39592312687627
1445,60.94291244945731
1446,71.8092523003591
1447,69.8514326008843
1448,57.87117232670834
1449,54.96769670334377
1450,62.088983995666425
1451,72.74520847613753
1452,57.67911933562694
1453,41.06360823738117
1454,68.16019055212465
1455,61.787449229960934
1456,57.21998171561647
1457,55.69481862022131
1458,43.69113756143181
1459,69.94868066990901
1460,59.508564698168726
1461,47.245841812168294
1462,57.78553427531279
1463,59.97346429029983
1464,58.38555142472998
1465,96.54320561486595
1466,50.52674390698447
1467,59.56040000134864
1468,68.02603698278793
1469,58.96856420584248
1470,46.70104666653008
1471,39.39622223195994
1472,57.63788363383379
1473,60.42831835282816
1474,43.409629041344694
1475,71.01978359749955
1476,59.86161115465924
1477,54.999420822780145
1478,41.92026723000087
1479,51.72185211729264
1480,71.5820422096005
1481,57.44719180637506
1482,90.33920175760662
1483,74.76034407524554
1484,53.3009023904172
1485,59.68828320476206
1486,57.02020949914028
1487,67.05748208090823
1488,65.95323439819707
1489,55.92126134585342
1490,51.84203234870528
1491,57.8445632190417
1492,36.49481248732708
1493,52.89263131469769
1494,54.987908668019045
1495,63.5828823241647
1496,57.470963818812166
1497,39.580514900900674
1498,60.128678126457245
1499,56.79316043915085
1500,48.53625992156648
1501,49.05979705411707
1502,73.52851928692084
1503,56.87217893902372
1504,64.42924866055323
1505,50.9042285056869
1506,56.8435700091037
1507,60.84112243596353
1508,42.14431984334502
1509,62.65530392048923
1510,62.27309316024306
1511,39.38130535087379
1512,56.905375062429094
1513,42.72034786229953
1514,51.45337700481159
1515,67.17520441877623
1516,68.69777645882603
1517,60.42831835282816
1518,73.70213782064128
1519,61.90708104621036
1520,58.3362580133739
1521,60.8120309414376
1522,65.34782836627892
1523,39.16544709041632
1524,70.77501018264024
1525,47.38176782964424
1526,45.45150863253909
1527,57.70260713654254
1528,65.84229547472569
1529,59.53493147040042
1530,65.47615067238311
1531,71.05477560400388
1532,68.99880870929483
1533,57.66169201610046
1534,76.0304238350295
1535,53.48843025947775
1536,61.917804291945224
1537,70.13073363452291
1538,53.00674533961564
1539,57.8654811710813
1540,62.85982424390981
1541,52.46248443430476
1542,40.848435595767256
1543,61.087410449803656
1544,59.22582442727315
1545,43.14221164802598
1546,71.92864403860173
1547,59.811870786384944
1548,52.555967899164116
1549,61.929609782779195
1550,83.68209189621656
1551,57.8654811710813
1552,55.32746735006146
1553,44.13022215414148
1554,56.2189726775125
1555,55.649245205609496
1556,55.73471858906022
1557,63.721488773313
1558,61.917804291945224
1559,55.24707793680849
1560,45.7754006161345
1561,56.310147744878684
1562,65.89076355201071
1563,61.66745194869476
1564,64.02664447175479
1565,57.015461392195874
1566,58.05144660863821
1567,57.70943827785517
1568,57.8262833555611
1569,54.15127104636821
1570,78.9680846728752
1571,70.33086076170407
1572,59.00649908328283
1573,67.42046316456032
1574,45.14791492398379
1575,46.741887136432965
1576,75.6146503513609
1577,83.19813072798092
1578,39.20584037504288
1579,44.45591248263251
1580,48.33883249614016
1581,54.800968109591324
1582,57.402349560202985
1583,39.19627766212197
1584,48.49344758647165
1585,53.65926457854623
1586,54.060436213192865
1587,56.558150780451626
1588,58.47053953515768
1589,45.227275326214176
1590,46.25296305014355
1591,48.11011513939309
1592,38.828985709428515
1593,62.78489572012941
1594,58.742354613900076
1595,49.87507219711861
1596,44.209097999029815
1597,55.61988191891045
1598,55.185674783855276
1599,41.582904371118204
1600,77.3284342897996
1601,85.16078131129925
1602,50.52216223236293
1603,57.472174732039306
1604,55.67366182764878
1605,61.29653622518413
1606,56.22781946924448
1607,46.530304616568166
1608,41.80241981216926
1609,45.7754006161345
1610,54.94046675794852
1611,54.045496457010884
1612,60.80497579098662
1613,36.45578071200065
1614,48.29469852052149
1615,52.0150557185602
1616,66.14237541515163
1617,55.62140952969256
1618,61.556545813092555
1619,47.40111162453417
1620,45.462212591539924
1621,61.72942127783588
1622,46.595197623503516
1623,61.26252299498862
1624,54.34846099462
1625,50.12291420192239
1626,85.65811071977811
1627,55.682786886810405
1628,51.14270296472991
1629,74.25151687433961
1630,55.59316809359693
1631,68.0422853676832
1632,49.56070208643852
1633,73.38869046360068
1634,48.19979167319305
1635,41.60195969366045
1636,73.52566888742612
1637,52.50983635845779
1638,57.90260559559566
1639,62.206370195921906
1640,69.70713850584755
1641,48.49344758647165
1642,48.14767581939442
1643,69.35181896909862
1644,48.46962237380285
1645,40.30913154102595
1646,46.650134749830485
1647,63.97293371134338
1648,65.64293553406341
1649,41.30208269642418
1650,52.510894771003294
1651,44.21614644586617
1652,76.2688982940725
1653,55.05915779137865
1654,44.572757560338445
1655,41.15696362311154
1656,52.70232043649271
1657,68.91386474595821
1658,47.004688027944205
1659,81.74751699925304
1660,64.24217639128564
1661,73.90315811880915
1662,46.92200293521233
1663,69.90347110305538
1664,69.35181896909862
1665,55.52001960102237
1666,45.01031309815025
1667,47.66577567256671
1668,63.421044985128866
1669,51.96323076506111
1670,52.192635850698004
1671,47.866559582078004
1672,50.70714871500341
1673,74.88025855215993
1674,61.34308664235492
1675,45.16523389415252
1676,57.29696991228299
1677,65.87496142312189
1678,37.298396154835714
1679,53.9814754539065
1680,59.22582442727315
1681,56.28057627720727
1682,58.11472442545536
1683,41.46492399284426
1684,86.05979212340922
1685,44.232529284488386
1686,45.42196688629788
1687,44.343697859354265
1688,26.285291527739087
1689,65.32494855305072
1690,56.14093313255606
1691,37.55200742437379
1692,66.91239834308341
1693,45.78720610696847
1694,62.8278283085732
1695,58.50265341346395
1696,43.637839630919466
1697,45.89215823182373
1698,40.708288700632224
1699,83.05295085781202
1700,50.67986658098443
1701,45.82435207538258
1702,58.655025759727195
1703,52.234613513648924
1704,52.758719183263054
1705,58.0035103009933
1706,67.84888974707002
1707,44.309280888897156
1708,60.58457531496663
1709,68.29053636287566
1710,57.41136004137077
1711,51.784033036223704
1712,56.1263589885103
1713,58.13128520479944
1714,50.85045794985801
1715,64.63342202244121
1716,64.22263634198407
1717,58.47053953515768
1718,54.650782412186
1719,73.64325381073908
1720,62.99441375455345
1721,48.122561405783614
1722,59.588370342689785
1723,42.53165568395136
1724,46.65320245484892
1725,76.47172285647096
1726,47.315149518864146
1727,63.36616923656405
1728,55.95495304221217
1729,45.92845755062511
1730,45.382723521181504
1731,78.9680846728752
1732,55.89503055075254
1733,58.713653801537816
1734,63.78637063719996
1735,64.61466055621219
1736,52.99953410652262
1737,55.76594026815759
1738,44.39370755800502
1739,59.25713010981917
1740,57.032753339979706
1741,57.55430724604953
1742,63.00548807694767
1743,44.171823803048426
1744,52.258982923390136
1745,64.71957530900173
1746,55.38943667920258
1747,42.72063891518332
1748,43.26511984677942
1749,61.66745194869476
1750,42.21894357009857
1751,51.92644483408671
1752,43.12634853281635
1753,42.53999409125247
1754,59.45118962676856
1755,43.85542847777349
1756,86.03590271834133
1757,51.9876067012294
1758,52.91322045512345
1759,57.47884557465286
1760,53.974374809074604
1761,72.90701928557615
1762,57.94223623405813
1763,38.77760084546203
1764,52.48935964213787
1765,56.64488003772662
1766,39.6197798099168
1767,50.68368245798757
1768,45.39040060579768
1769,43.56876827923273
1770,64.95000311993658
1771,37.2709582805533
1772,59.45118962676856
1773,66.29007456082043
1774,44.87474481119779
1775,38.251731127688494
1776,56.04937079184377
1777,62.21120922345107
1778,51.199448103042016
1779,60.335082023351575
1780,62.06557587136618
1781,84.93928392006744
1782,44.88825641273472
1783,42.667071654294546
1784,56.914979866378125
1785,41.69174217630971
1786,38.947637104929576
1787,55.033539823217346
1788,58.69671293041334
1789,60.693689563604025
1790,49.62022700462171
1791,43.816395057070906
1792,44.35959857640776
1793,55.8768464037598
1794,56.647701304790175
1795,42.800327496186725
1796,46.01387507517751
1797,62.81782191788787
1798,51.74891373384027
1799,41.59758686594178
1800,76.0304238350295
1801,54.87013708547743
1802,52.439041954627264
1803,41.61034003940543
1804,48.697465267218504
1805,73.33052933137282
1806,59.851964259682106
1807,73.92421253110936
1808,55.74598661824743
1809,54.18893293252932
1810,44.7007929462916
1811,57.22737898194646
1812,71.9842916612621
1813,42.43227407270816
1814,35.54059959257482
1815,58.47053953515768
1816,51.10386985444127
1817,58.24319268233589
1818,108.63186688507733
1819,48.680699789197234
1820,52.17098690336148
1821,63.65501041500903
1822,36.9628328673982
1823,59.90602609675287
1824,57.32813385079387
1825,45.63569263515308
1826,55.27551187047331
1827,66.09042717842667
1828,39.483487647138276
1829,56.205495431352816
1830,45.895711160114715
1831,61.29653622518413
1832,59.90602609675287
1833,72.68577466651851
1834,74.3859525357798
1835,50.06947785992597
1836,38.44180096576676
1837,86.95378325258794
1838,37.142372548343616
1839,40.556488988487686
1840,55.63700571645426
1841,54.68983573141218
1842,56.56537302915597
1843,58.12183081619034
1844,46.35112958328236
1845,42.920062338189226
1846,57.385799796470224
1847,57.29549069929561
1848,81.60863275174492
1849,64.55716065072959
1850,47.19723974382474
1851,56.07699871201637
1852,64.54594183204135
1853,67.69038212708826
1854,86.53530134554339
1855,63.00367282209934
1856,52.04635020688728
1857,40.29922871588648
1858,50.67600326332514
1859,50.557978169201256
1860,64.18879669076324
1861,53.67287189657102
1862,61.889789098426526
1863,49.44055730156167
1864,50.464755088774595
1865,43.55878839292792
1866,55.27551187047331
1867,37.36931556589149
1868,84.88111422390726
1869,49.54587103136472
1870,37.584889843185536
1871,58.79356795918765
1872,47.40111162453417
1873,41.17233769179486
1874,59.156874826578346
1875,51.073336222139325
1876,69.70713850584755
1877,59.550706560003924
1878,64.71953911231498
1879,55.00189155572251
1880,59.07844263788201
1881,68.93836133930786
1882,64.978742932415
1883,61.10170934310825
1884,56.03239372403256
1885,43.91544915547158
1886,59.98270783666104
1887,57.8262833555611
1888,58.46834820118217
1889,68.96889458220224
1890,49.892825754607664
1891,55.973137189204905
1892,67.29916302552991
1893,65.20790241384326
1894,56.37667513507401
1895,82.0187909554459
1896,70.46161520220278
1897,60.02564348857339
1898,68.25588725550023
1899,77.45988970823804
1900,57.8262833555611
1901,56.03810642355935
1902,58.140853812061735
1903,51.74949105307657
1904,70.14179171289493
1905,54.51569873232607
1906,46.39720980544515
1907,57.16503357367817
1908,71.94573951845241
1909,60.76941411588152
1910,46.295392532317834
1911,39.77182613315904
1912,63.0533469817945
1913,82.10339849614212
1914,94.29609305902251
1915,60.011606806174385
1916,56.03810642355935
1917,38.273214053093604
1918,56.36027538649909
1919,58.81706308487922
1920,66.33920859473743
1921,43.994054825445374
1922,62.52796183962536
1923,55.96514451830692
1924,61.54009227528688
1925,52.653382983743825
1926,40.130105544388954
1927,41.994955793084614
1928,57.730848572638166
1929,44.923480556157365
1930,53.49876998131283
1931,43.637839630919466
1932,58.25291458613652
1933,55.92126134585342
1934,56.85588819636526
1935,61.56191315169377
1936,54.04684248989546
1937,58.55297110097455
1938,66.48199135982946
1939,68.66395045622465
1940,46.03409136668607
1941,53.92623397589534
1942,44.35959857640776
1943,42.723575891777955
1944,40.66443524960893
1945,56.410403028119504
1946,52.38574402411492
1947,56.78690661707451
1948,63.2660749840924
1949,49.44751463094332
1950,46.025680566011474
1951,57.44719180637506
1952,51.323398661861624
1953,63.20979681057831
1954,57.035052973562486
1955,46.03179102679412
1956,55.71921449826227
1957,78.90974500889264
1958,58.93300847482925
1959,58.20146744122875
1960,41.9818692788391
1961,40.63186662898306
1962,55.162541468416606
1963,57.74817671710874
1964,57.352401436184344
1965,63.85877231035634
1966,69.70713850584755
1967,48.35337390206723
1968,45.89215823182373
1969,54.08875121804096
1970,54.77326644752344
1971,45.37667076060668
1972,74.19207412766738
1973,72.74520847613753
1974,45.4879893506304
1975,58.140853812061735
1976,64.38040773435101
1977,52.839507601909574
1978,66.9553302655967
1979,58.56581328731144
1980,56.875069196107965
1981,58.97443075457273
1982,41.003585914306925
1983,63.12121471286776
1984,54.3571697653145
1985,62.034649369651156
1986,58.492342622150595
1987,49.243385414914435
1988,58.47053953515768
1989,57.884085065109225
1990,75.51588542415584
1991,43.19633061092327
1992,69.3549785565593
1993,45.63408343296851
1994,48.039026050967884
1995,53.775074136128225
1996,64.73790741085654
1997,49.152189979027476
1998,71.89987041700977
1999,57.29696991228299
2000,56.820824556010194
2001,57.504179604429126
2002,50.9042285056869
2003,58.617129284968776
2004,58.47996364612595
2005,43.478523158618735
2006,55.05834853115737
2007,65.10990537946628
2008,44.35959857640776
2009,41.42379499942316
2010,56.56537302915597
2011,58.93436228374338
2012,63.33792780046842
2013,97.05259079301916
2014,69.17683579835088
2015,35.16231749954338
2016,42.39162256690874
2017,53.632830863982804
2018,45.02422246094302
2019,85.35806314199328
2020,57.00971249598234
2021,49.95952058873383
2022,55.996734634756436
2023,58.54941353873652
2024,74.00391735613498
2025,75.78146427336591
2026,82.82854262399061
2027,60.873156851175956
2028,51.11509799219413
2029,62.84994075667491
2030,58.61324466909355
2031,57.97978383815237
2032,59.89552909359493
2033,43.15853679723223
2034,69.30798134624129
2035,62.80656251008422
2036,58.14027649282544
2037,50.65682190294146
2038,56.79316043915085
2039,43.197587833269345
2040,45.40324941748966
2041,36.031588601877424
2042,47.49861290735018
2043,55.61988191891045
2044,61.95367149411351
2045,64.35966151451183
2046,42.642733338232475
2047,42.031173365603074
2048,49.148056272932145
2049,107.79214178473245
2050,45.75064982738857
2051,59.389361557310075
2052,52.632261743246
2053,64.3949475633982
2054,66.51488303278894
2055,55.74849094410598
2056,41.535962897726236
2057,67.65132880786207
2058,50.50948815588738
2059,61.66745194869476
2060,55.61035675119809
2061,42.93274839213359
2062,46.08171095304887
2063,55.57242187375775
2064,54.431036467731836
2065,56.90885087838421
2066,65.13488443070622
2067,72.68577466651851
2068,43.53103218010484
2069,69.70713850584755
2070,50.50638841905945
2071,58.21790338649041
2072,58.9444051657431
2073,44.90121654204127
2074,55.185674783855276
2075,37.15910408684386
2076,31.853304281199144
2077,63.16026803209395
2078,56.03810642355935
2079,72.61404668422492
2080,52.46542141636417
2081,66.73932316536037
2082,47.401378604152626
2083,46.77216831446637
2084,64.12118705546882
2085,71.41264180128954
2086,52.610476327047365
2087,64.08816131574204
2088,42.74659674273211
2089,43.59812587392513
2090,61.93727174553858
2091,49.96546748000992
2092,56.26608387944442
2093,40.01462669494555
2094,69.27579536501449
2095,49.45704114717748
2096,38.89570540267976
2097,56.35812024921033
2098,48.82588959318147
2099,62.48220567173703
2100,38.40125294701996
2101,67.14396636606027
2102,57.97978383815237
2103,63.08730612684152
2104,76.41118230873352
2105,49.102452778868276
2106,48.413772304268655
2107,57.41136004137077
2108,91.97216315926094
2109,63.33792780046842
2110,69.45820324033336
2111,60.47705409778773
2112,70.25071238857781
2113,69.90347110305538
2114,70.0624580425965
2115,47.84149189344237
2116,53.775074136128225
2117,40.97614804002452
2118,39.77182613315904
2119,70.6509057746172
2120,34.85507493268774
2121,51.183679462934144
2122,56.40499951655869
2123,61.66342529955415
2124,65.88140999310642
2125,66.72411425194477
2126,57.8910843162832
2127,56.826149982190884
2128,42.388177469155224
2129,57.54134711674298
2130,57.730848572638166
2131,61.92756360023635
2132,49.01523209686561
2133,64.27687911894209
2134,69.26605678992982
2135,34.42847989879906
2136,40.640600487160725
2137,61.074625031009006
2138,53.95568573621905
2139,48.78879992546467
2140,41.969569765908304
2141,69.61952473283999
2142,75.27880943870636
2143,48.066442381350534
2144,58.68053048736215
2145,48.179172946102916
2146,58.911131393855825
2147,85.50371384836954
2148,64.57127541850872
2149,58.02985769054203
2150,48.34982735544054
2151,45.16180116599692
2152,45.222990054104464
2153,53.657793711579224
2154,61.172802971888245
2155,73.903117116299
2156,54.17950999694003
2157,55.7352438834438
2158,70.65549361031518
2159,45.966821792439674
2160,90.49086504333535
2161,66.02710627381
2162,58.02311457483552
2163,48.82637572351828
2164,63.47707537216626
2165,55.92126134585342
2166,55.623653304377015
2167,57.28330607880118
2168,59.811870786384944
2169,42.84099828872018
2170,43.240155448326455
2171,58.96810070507729
2172,64.63342202244121
2173,57.65090636198724
2174,62.92201981562787
2175,60.774280165795574
2176,56.44771867390303
2177,48.59596858979758
2178,62.019604655119835
2179,60.85061364042773
2180,50.76108694312122
2181,58.36835152315941
2182,49.99707555300139
2183,57.07657994722571
2184,63.7718064608236
2185,65.90390095610863
2186,52.11173761139702
2187,77.66282239710095
2188,45.89215823182373
2189,54.571113024324376
2190,56.96614420350146
2191,55.07371158422937
2192,55.02339389671877
2193,56.28057627720727
2194,62.87411671170836
2195,52.86190197834372
2196,44.46131147756567
2197,93.164535454476
2198,55.710992126219296
2199,46.75082323149114
2200,63.89799390321488
2201,58.92971676067246
2202,62.668037807218845
2203,56.89540982891127
2204,73.08036482801737
2205,69.90347110305538
2206,59.05716784745279
2207,64.2931341243165
2208,58.10395563012431
2209,63.82189790575727
2210,54.65757735681189
2211,47.16100160685218
2212,55.06097769749975
2213,39.206814696012266
2214,64.84688119317886
2215,54.063468481047316
2216,65.24549723023557
2217,74.01304241529661
2218,63.232248168076204
2219,67.7571033972194
2220,40.076827982397376
2221,61.66745194869476
2222,51.84054452203508
2223,42.04585079983151
2224,57.5806266785461
2225,33.50945741257938
2226,45.00876735228596
2227,64.11532050673857
2228,88.18164797120107
2229,63.90447396786816
2230,43.70843296778369
2231,81.92137713464658
2232,50.27688024557462
2233,79.65930915353799
2234,53.14792181078275
2235,55.76249171183601
2236,53.36917961039404
2237,57.83452193124761
2238,119.73171027762017
2239,60.342061069775795
2240,41.30208269642418
2241,42.804311696572704
2242,43.88082522917156
2243,43.89634195283942
2244,59.107711777540324
2245,58.069315875658326
2246,59.464298886316165
2247,59.89753404258304
2248,63.08327983542742
2249,64.15059347971786
2250,59.32863184953583
2251,55.01526244526056
2252,59.319761280465514
2253,54.30387183480216
2254,48.833638311648386
2255,56.27658088260236
2256,89.12171777500703
2257,41.405631220951186
2258,56.08961082173071
2259,59.89938801658958
2260,46.42592644597338
2261,48.17498296525302
2262,60.80497579098662
2263,40.365954295657644
2264,67.7571033972194
2265,49.69731966684989
2266,68.37909879837463
2267,41.28396564292737
2268,48.35337390206723
2269,68.8819636315889
2270,67.04455125717564
2271,73.32114856400554
2272,56.032429920719295
2273,47.15120123814914
2274,63.539154176293636
2275,55.804792525882256
2276,54.18893293252932
2277,41.9339762376013
2278,54.39345325594991
2279,44.78622980698317
2280,42.44899215982376
2281,35.96105528878876
2282,43.237634760198944
2283,55.85721862570645
2284,46.332884943444256
2285,45.76479114849205
2286,55.852370889482174
2287,54.68307534449828
2288,56.33168287374411
2289,58.70717373688454
2290,40.46308984902731
2291,62.80656251008422
2292,72.34517447641852
2293,58.54400636627291
2294,75.20409975724621
2295,48.416492341445306
2296,82.62206973445785
2297,55.388282040730004
2298,48.26866424656734
2299,64.2148012432872
2300,60.423142941805295
2301,45.05240457957227
2302,56.54249321592778
2303,53.12006764803321
2304,76.69517226319424
2305,57.724945827221184
2306,74.25151687433961
2307,58.879888170858706
2308,51.269549472640406
2309,57.154608963893715
2310,43.44766004472772
2311,42.67272643462724
2312,43.891747695098466
2313,77.00408864567135
2314,59.04255891045736
2315,73.95974448478427
2316,45.78317635698631
2317,64.52113312410131
2318,39.60642968102863
2319,52.70553160718897
2320,55.57242187375775
2321,60.80743645533856
2322,70.41969064589131
2323,71.72655140416578
2324,42.31334440977746
2325,61.9033538066029
2326,63.44104972722616
2327,47.87754342576706
2328,56.14093313255606
2329,91.30620146712035
2330,71.77797859640901
2331,51.37366066361672
2332,58.35265776194882
2333,59.85047486550381
2334,36.94740934618535
2335,66.86208065557281
2336,69.89225917547991
2337,72.67169150185775
2338,57.8654811710813
2339,44.93817401542172
2340,58.0135479278846
2341,63.882712596425804
2342,58.47053953515768
2343,59.56040000134864
2344,62.52796183962536
2345,42.35185660645409
2346,71.37135670149925
2347,62.68460107208674
2348,37.57367266987345
2349,55.81625795566819
2350,47.866559582078004
2351,67.23436418422587
2352,54.5819803908757
2353,44.45938829858762
2354,74.05745735739022
2355,43.210935235921994
