,y_pred_svr
0,31.129302050647077
1,36.933640185803824
2,36.9336523254715
3,31.23364345176565
4,36.950613480540014
5,31.24737697236445
6,43.47496117788184
7,35.29437930646821
8,57.028785888958424
9,33.266998944751236
10,31.744112499045983
11,57.62448878248346
12,39.23616651697115
13,31.099574958107283
14,44.35235106184102
15,56.519249908857574
16,36.48628142400935
17,31.589298284482638
18,54.10032571929554
19,57.028789255347114
20,34.04256889813233
21,31.099908850659496
22,33.20040498897996
23,34.7986587709882
24,32.59920527790083
25,36.93362726773706
26,45.67075945316117
27,38.43773673205723
28,59.4639784838975
29,34.323713269255585
30,58.95124674393992
31,32.77712128650353
32,43.47496367956715
33,37.843148012897345
34,36.95061638899866
35,31.613705033658434
36,35.294372529016215
37,45.2315356052642
38,57.92492529302348
39,32.68923963154498
40,38.611266233894455
41,31.397858576803138
42,54.10033432045611
43,42.342790409849606
44,40.71575882065032
45,33.25022308095005
46,38.441939714313364
47,35.46785283759369
48,35.55305506116268
49,31.74410768269167
50,45.670757905044134
51,37.67335913531586
52,40.05272586661123
53,34.323714049389494
54,58.19444864804201
55,54.100329180752794
56,32.56166544656544
57,54.10032378752029
58,31.308282472178888
59,34.323725270565916
60,34.323707234542965
61,31.7279072223467
62,39.23616395310779
63,33.61426491763184
64,57.497656333730035
65,38.61126735759757
66,31.099908092158955
67,38.4419527211174
68,31.233291197984222
69,33.102439618383656
70,31.129301698938455
71,31.084803915260423
72,31.18472026190787
73,59.84847476180795
74,37.67337054512688
75,35.55305852046766
76,34.323709024408316
77,31.376211381738386
78,31.27663352258142
79,31.497275353857923
80,37.29969796869935
81,33.266998944751236
82,58.652104062351924
83,43.47496624640184
84,38.96307895583233
85,31.497269639914705
86,40.46837084288207
87,31.43787387398367
88,31.475674797341696
89,40.46836084881835
90,38.05425706894391
91,31.099908850659496
92,31.233642695639745
93,34.323711914378215
94,54.696662467873004
95,32.68924102946882
96,33.614269921127615
97,35.88492004374125
98,31.276634816998524
99,59.53908220552326
100,31.981365851331844
101,57.92493571571781
102,36.22586386298155
103,31.184719500041858
104,43.474964416112115
105,31.086561203010874
106,31.4378738773585
107,41.73950196309422
108,55.97017511988294
109,31.308280103914463
110,34.7986480287845
111,41.739501915473724
112,31.49727696780584
113,31.129700082387004
114,31.233288040456124
115,31.088919992173786
116,55.21818293314689
117,54.10033450548575
118,35.892931537928945
119,43.47495780217537
120,34.323718316279006
121,34.32372186366086
122,31.475672301308293
123,37.75986720408724
124,31.104335628539097
125,31.397860893751393
126,31.129305068416613
127,32.80939285218889
128,53.25785289237581
129,31.12969521078449
130,32.284001328977155
131,39.2361581470845
132,32.80938630045359
133,58.19444236634409
134,31.09991506004365
135,33.03207099707056
136,32.04611695062616
137,31.129304294155617
138,32.68924102946882
139,57.90036562430897
140,34.79865605603918
141,36.22587795102291
142,54.69666081160538
143,31.099571705884387
144,36.93362984820279
145,31.12929770326221
146,34.32371243066541
147,31.174173340706922
148,43.474967883849274
149,44.00098954545973
150,33.266998944751236
151,37.67336797987167
152,43.4749602980565
153,39.05200179859074
154,57.90036562712294
155,35.67822482119011
156,37.51255882136141
157,44.671602245232066
158,46.10916599542895
159,59.42045927239359
160,37.673376566686656
161,43.47497800432703
162,55.63148053803322
163,39.141312562304435
164,31.091873846027653
165,32.68924102946882
166,31.261698381486553
167,34.798651444792576
168,31.437872386666
169,51.15858667535244
170,57.02879538511696
171,32.43921254893831
172,36.93362984820279
173,31.129301639129828
174,43.47496611185103
175,33.10244257362787
176,57.92492980359686
177,50.35838681781171
178,43.47496535318564
179,45.231536937965885
180,31.247376953292672
181,31.099577858306652
182,31.621461103995443
183,35.467855931250995
184,53.65558243492478
185,32.91318770076376
186,37.0295755350199
187,55.382938134811695
188,31.246859913737126
189,36.22586536854192
190,53.05120157025449
191,58.65209910214448
192,33.513922213159404
193,52.79384197005862
194,57.92493362961339
195,55.6314808086188
196,34.7986619556313
197,47.846303133087275
198,33.200407456185495
199,34.18020184382824
200,45.231536937965885
201,31.744111323588555
202,37.67335828447001
203,31.49727038376949
204,37.67337140944031
205,33.61427043063447
206,31.39785487990106
207,36.22585894928817
208,59.78535827398703
209,35.55305507896373
210,35.294374251075325
211,47.846298274689104
212,32.24660738653137
213,32.36044530343436
214,31.129299382411986
215,32.68924102946882
216,31.62173864711501
217,31.308281737819343
218,31.09990263735844
219,31.700475345131764
220,38.441938456317025
221,36.18586516384715
222,41.73950861874576
223,40.52522945546072
224,38.01097017719222
225,36.2258762209873
226,41.39302486820178
227,31.324992870213876
228,36.225863670557544
229,31.129299382411986
230,31.376211381738386
231,36.93363658772364
232,31.30693109014961
233,47.846298300416535
234,33.35149312475012
235,40.525230017174
236,31.27663501774154
237,31.233289664854205
238,52.74672950126299
239,31.23364420819921
240,37.67336004008879
241,31.129299332226694
242,33.35149710714006
243,59.83446552173673
244,34.323718335977375
245,44.17660316339928
246,31.12969998583553
247,39.05200008133149
248,31.9048598042249
249,32.959661696969036
250,37.673362731899644
251,37.97752294670062
252,32.68923963154498
253,55.33049950210467
254,31.497265547541907
255,36.225863670557544
256,58.309914076613566
257,43.47498148135369
258,31.475672360632004
259,45.67076114268525
260,36.08840355067114
261,32.68924045261667
262,31.700475368817578
263,31.497273725458413
264,36.2258762209873
265,55.63148053948984
266,36.933628127632176
267,32.04612480884059
268,57.92493440682408
269,35.127031241225325
270,31.233288814107013
271,31.36023526763428
272,32.479462157351804
273,33.2669981000127
274,33.10243844475714
275,31.85836905477072
276,54.10033436947341
277,44.176605242831045
278,31.27663482041168
279,59.807338610975705
280,32.04612480884059
281,31.099903426644673
282,31.233647481398513
283,34.79588975524211
284,38.7567346033194
285,32.64614697665792
286,31.1847187384832
287,35.55305583031657
288,34.04256889813233
289,40.525231635852634
290,33.51392134293637
291,57.497672251053764
292,32.36384884550836
293,44.35233600347621
294,45.231536937965885
295,31.09990596419648
296,55.97017842635698
297,33.61427452404259
298,45.67075949760897
299,39.23615954661956
300,36.225866734564256
301,33.77254131821772
302,33.614262732149356
303,31.129701602254052
304,31.308288546978154
305,54.10032423760637
306,31.14571595817936
307,31.85836905477072
308,36.185865181322065
309,35.46785016563099
310,31.90485763255309
311,34.918097250315256
312,57.900365617845395
313,43.931527136451486
314,54.10032794442333
315,31.129302512429888
316,33.10244262191418
317,31.50236244063734
318,31.276633525065975
319,32.646169368415435
320,54.100332180437455
321,57.593262431591796
322,40.05275508912754
323,45.231537272517215
324,31.308282472178888
325,31.086561199979627
326,55.38293670117537
327,55.38293356888582
328,33.77253244028701
329,58.19444864804201
330,31.09990596419648
331,36.933626511306386
332,55.38292825913858
333,32.283978370971155
334,32.80940953748225
335,31.39497168091895
336,31.397860922149974
337,31.09957883467561
338,31.397865625602364
339,31.099908850659496
340,33.6142681305843
341,31.261698381486553
342,31.292158796057848
343,39.502335760212745
344,31.12969998274521
345,36.41048798014276
346,38.1804517254662
347,57.275900826594956
348,31.110047933836306
349,40.05272535206832
350,58.30990762240015
351,41.73950702635995
352,32.04611117550657
353,34.323713113031914
354,37.34982063992962
355,36.2258762209873
356,32.80939285218889
357,42.60287611576737
358,31.49726955773623
359,31.233288791030283
360,45.933925747146276
361,33.61426160992414
362,36.18586579959732
363,31.744126883392923
364,38.01096900560053
365,31.095426873092634
366,31.233647998777926
367,31.904859202453267
368,35.55305420017448
369,34.918095530092195
370,58.122746278341104
371,35.46785397565425
372,55.3829395688642
373,33.87919239795799
374,41.39302431152212
375,31.744105845560156
376,31.397870759086388
377,43.47496535318564
378,33.463586806081516
379,31.174169957098343
380,32.439207555208014
381,39.23617896201614
382,31.39496242665902
383,45.67075945316117
384,31.306929386329244
385,31.502366290198808
386,31.397860094508275
387,31.360233768701065
388,39.23615820782864
389,90.80458863950871
390,54.100331440141346
391,31.621737173304368
392,37.67336278497977
393,43.47496612067383
394,48.699286222432235
395,37.67337054289989
396,31.174169376092706
397,59.18754782275413
398,35.46785719188667
399,52.79384817549193
400,41.73950016608545
401,31.184721786554014
402,54.1003306674273
403,31.904859906212906
404,32.283978370971155
405,45.67076948441721
406,31.129300778245536
407,40.46837427670429
408,37.97752294670062
409,37.67335844376451
410,31.72790509836259
411,31.30692651589011
412,37.67335759654867
413,35.55306029313631
414,36.933630812085674
415,54.13804746960355
416,31.4378738773585
417,34.32371749897817
418,33.26701120564866
419,33.614260876036425
420,32.68923973339501
421,34.15585659210931
422,31.376211381738386
423,40.80399418943438
424,32.046112816444506
425,43.72221798552976
426,32.56166627313933
427,31.397870779153806
428,33.10244750356666
429,31.918789521381427
430,31.17417243132813
431,31.233288814107013
432,31.502361996159877
433,32.8093865883251
434,41.100811906370765
435,31.14572305522458
436,46.98186754217073
437,51.93539500574293
438,35.467855931250995
439,45.23153569197302
440,37.67337989947971
441,43.474967880483916
442,34.04256719865943
443,34.32372138075071
444,43.931519581965645
445,57.49765104827197
446,31.62173570792936
447,37.2996979683049
448,34.91809897164339
449,38.44193842016514
450,88.54811364214268
451,36.225862404680356
452,34.32371276663937
453,36.93363607793627
454,31.397856408733823
455,31.086561199520304
456,42.4293900189562
457,32.246607384430156
458,37.26910458296923
459,58.47280877881958
460,31.888303936735177
461,57.49767225053774
462,33.102442562152675
463,38.01097017719222
464,56.621341493371965
465,35.294374251075325
466,31.918784234378805
467,36.08840355067114
468,31.904859964711804
469,39.236155709244755
470,47.846298300416535
471,54.10032793113142
472,31.154612526712995
473,38.01097268232617
474,57.92493701547802
475,37.673363560063024
476,33.2670074641475
477,34.3237122574437
478,38.01097017719222
479,46.92147930429671
480,31.981368327746623
481,31.099580967991066
482,55.631481884680056
483,38.83606169305848
484,43.474962833883254
485,44.00098952894198
486,34.0425672356081
487,57.593270046911755
488,31.129699882016183
489,45.67075287702571
490,31.129307410067597
491,31.129298593762236
492,34.79865935272049
493,31.17398880158195
494,36.225863670557544
495,34.79865553456794
496,32.646146942747485
497,31.154321423831504
498,59.71977851172119
499,58.4728141279428
500,31.306931870722266
501,54.100326465321956
502,39.05200180086289
503,43.47496169384655
504,36.933628196402395
505,45.670769488074896
506,39.236161366868274
507,50.35838682953926
508,31.308279485210143
509,39.052001299793716
510,31.17398803791653
511,54.10033461092139
512,31.233288010317224
513,58.95124674393992
514,31.437872386666
515,31.74410767278006
516,31.74410603122989
517,36.18586520126423
518,31.30693416572077
519,33.102444745423355
520,42.60287060787074
521,32.809381324943814
522,39.236153145412246
523,31.23328961508041
524,31.129297126140905
525,43.47496619947449
526,32.80938620076325
527,31.12929781610115
528,35.55304653652881
529,31.75593344499375
530,31.129299382411986
531,54.138046171890764
532,57.49765765597709
533,31.086561199979627
534,34.7986501356418
535,34.32371142518425
536,31.376211381738386
537,57.02878789329204
538,36.18586385427964
539,34.32371312288988
540,31.095426038915456
541,31.276634819946366
542,54.100332180437455
543,31.095428380174887
544,44.176603557340506
545,31.497269590529676
546,37.67336922177937
547,40.05273882808014
548,31.26169989869419
549,40.468358273225064
550,34.918097250315256
551,58.863137300503894
552,37.34982256171217
553,50.35838681781171
554,38.01096959127136
555,32.046120044735304
556,34.32372147130802
557,31.744111227148963
558,34.91809123240574
559,32.06845355196781
560,38.83604181491828
561,40.525230019363924
562,34.32372442428478
563,33.614269247709345
564,33.25022318409354
565,31.08479863804679
566,31.306934204807902
567,31.09957710479795
568,31.233294745020153
569,54.100336825371244
570,43.47496611185103
571,47.84629305913646
572,45.67076948474228
573,33.03207099707056
574,59.83057804633708
575,33.463588497976765
576,39.236157439950105
577,58.12274688185755
578,31.394964144841673
579,57.900365626292206
580,58.122751404161484
581,31.154611686895507
582,31.306926634906517
583,36.22587588264365
584,58.309914076613566
585,31.30693111006316
586,45.67075945316117
587,36.56253751397446
588,33.1511530153913
589,39.23615661351157
590,55.63148081013016
591,31.23328884112715
592,36.93362640809926
593,59.80734931934314
594,54.100325716227495
595,31.904867421089506
596,49.53764424135633
597,34.042570600835404
598,32.86727170211975
599,31.888308137227853
600,39.05200179314039
601,43.03803868533282
602,34.32371312288988
603,32.4392163353202
604,34.0425672356081
605,31.7279072223467
606,39.502334710163154
607,34.79588975524211
608,31.145378735190036
609,33.032070124921106
610,33.10244257362787
611,31.091873849052824
612,33.77253055515486
613,43.47496703134146
614,31.306928471891133
615,38.44194504348755
616,35.46785141535072
617,31.858370701252774
618,36.225862404680356
619,34.91808775925186
620,32.046113642324954
621,59.377377583165625
622,57.49765234264645
623,34.79865878836485
624,41.73949767869973
625,41.78705721086156
626,31.233647990523856
627,34.29974589282769
628,32.867271008358834
629,31.220306007520037
630,47.846293279033645
631,32.43921621445901
632,43.474962833883254
633,36.93363081207813
634,31.086733485087187
635,31.621737118756023
636,31.90485690925739
637,40.43047889608576
638,31.276634796957985
639,38.836052896538924
640,31.2336565498317
641,31.24686012863571
642,32.646149586199265
643,54.13804746960355
644,31.09990648650428
645,31.647390648069468
646,51.24305752118152
647,32.646146997113924
648,32.04611805977747
649,50.35839158330789
650,55.382936453135066
651,31.90485856041316
652,43.474962833883254
653,41.73953442659611
654,55.38293164036143
655,31.091872585440058
656,35.67822521837392
657,36.57556013272284
658,40.719838405118665
659,51.935432745559474
660,31.27663356248467
661,35.892931421487916
662,40.52523056434761
663,33.513922213159404
664,31.39497168091895
665,54.10033976427823
666,42.793087413074474
667,37.029576763421225
668,31.09957806067758
669,36.0884121775495
670,31.904859923344844
671,55.38293569093911
672,51.15856234440589
673,32.04612176014614
674,31.086741517239176
675,31.74411249540499
676,33.10243838875412
677,67.12621241283411
678,54.13804746771672
679,31.246862538185297
680,31.30827857740877
681,31.129299376075423
682,38.836040958409455
683,32.321927146441
684,34.04256719865943
685,34.91809726841395
686,31.904859926645578
687,31.397859214302997
688,36.22586290609628
689,39.23615987582721
690,35.294374251075325
691,31.173989969321504
692,33.71989351621275
693,57.02878519262767
694,37.3498199809365
695,33.2669980967232
696,41.88633502269147
697,32.40178236383039
698,48.6992772829086
699,32.64614772263881
700,31.744114155300984
701,31.74411251861298
702,39.23615067120873
703,32.80938971869362
704,37.97752296351504
705,31.099919828105037
706,31.084797695933666
707,31.129305796540095
708,32.59920517930019
709,39.869293003151505
710,38.441952698352424
711,31.7279072427145
712,36.22587286149263
713,31.475673497433327
714,51.935392594878955
715,31.50236074322153
716,32.80939081550267
717,31.50236072288743
718,43.47495779881139
719,54.10033523958768
720,54.13804530877442
721,57.92493045505561
722,45.231526539789186
723,33.772542611165235
724,32.068454274064464
725,34.32371361918083
726,32.04612338008126
727,31.233288814107013
728,31.129303240595497
729,31.4972735501143
730,45.670769488074896
731,58.951258968334706
732,40.052725863225135
733,35.467852212183075
734,33.51391629023232
735,33.200405652831904
736,33.200401669742114
737,31.90485486147047
738,31.08892154700262
739,34.3237127662194
740,32.80939457848659
741,55.38293354484099
742,53.098744699595166
743,57.497666918324924
744,43.474965014728085
745,31.09990573578378
746,36.08840406576874
747,31.233289661280004
748,33.15114448719466
749,45.67075945316117
750,55.63148294915405
751,31.91878431234563
752,35.29437768798063
753,33.513922213159404
754,31.85836905477072
755,33.51392049828755
756,40.052734453329336
757,41.73949853446497
758,31.744107506611023
759,32.80938131129605
760,31.099914648148463
761,35.55304653652881
762,43.47496878648404
763,57.27589359852762
764,31.50236184051768
765,32.0684529387145
766,54.75905931854977
767,31.09542837971606
768,40.0527258092784
769,43.47496624640184
770,45.67076948474228
771,34.32371243066541
772,34.798652800561314
773,31.129305779098516
774,31.099575730881007
775,31.621737118756023
776,41.73953095133057
777,58.12274692371656
778,33.15115301332919
779,32.80938542723541
780,39.23616816540141
781,32.439217651015454
782,41.73950702635995
783,33.35149642623959
784,51.15857258705858
785,35.55305248417926
786,39.5023370088188
787,31.306929464993758
788,31.397856408733823
789,45.23153476076528
790,45.67075953031784
791,44.00099122568216
792,31.755932770682193
793,31.306924314307437
794,31.129300346835663
795,31.261699135180663
796,32.04611695429372
797,54.13804292465119
798,31.088917903494732
799,54.1003337813898
800,31.089139585763675
801,31.23329425038859
802,43.47496536781851
803,36.185872111794446
804,59.42045461141548
805,31.744113282982752
806,42.42939098542882
807,36.93364208579459
808,32.28397837375788
809,32.64614629674655
810,37.67338178383277
811,42.793087413074474
812,45.965225542477434
813,31.936407519288018
814,34.79865546022767
815,31.437875369262173
816,31.454648081242944
817,45.96522490352759
818,31.12254902383433
819,58.951237090150315
820,36.088403554035764
821,34.32370988872828
822,31.30828322983146
823,34.91809239002609
824,57.92493310299784
825,36.08841131662709
826,32.401783639335264
827,31.39496558392095
828,55.382933828871415
829,31.43787368288166
830,38.01097017719222
831,32.80938932919632
832,31.306926302543836
833,32.04611727623951
834,31.497272060074437
835,47.84629830370436
836,59.67049585785111
837,31.90486137592461
838,34.91809926134475
839,38.44193891915608
840,47.84629307498325
841,31.099915831120903
842,31.90485847856292
843,54.69472694135978
844,33.513922213159404
845,58.65210145572162
846,54.75905713583131
847,40.468370922359284
848,37.673359145266595
849,47.846311256019426
850,45.96522490352759
851,38.441937202502146
852,31.091876076328234
853,58.65210406923708
854,31.39786605681131
855,55.38293645013671
856,33.266998944751236
857,38.44193982665103
858,45.2069972887267
859,32.04612177950152
860,37.9775229371279
861,57.67359912131995
862,36.933630708869
863,51.158556079580336
864,31.261698411304295
865,32.68924045261667
866,33.890566416492995
867,54.1003337813898
868,36.18586591012304
869,36.57555755281153
870,31.129299402718573
871,31.700476138621497
872,53.2578528943353
873,33.10244750356666
874,33.513915182642435
875,31.394970055687892
876,31.397857173089683
877,31.099915080088834
878,32.046111650357304
879,45.670757905044134
880,37.67335915484044
881,34.32370987555353
882,31.129300979925375
883,33.30057935004953
884,32.646145000931924
885,31.08480021970675
886,42.60287264822331
887,37.84314746131356
888,36.18586964005995
889,36.410481333158
890,31.306926654789002
891,37.67335910725225
892,59.8548223691689
893,31.129305098830997
894,33.26700575366225
895,38.18045104441359
896,59.71975932294747
897,54.100333631903496
898,59.80734071197247
899,55.38293497438063
900,59.834469479156084
901,31.233289611960572
902,32.43921247230725
903,54.10033436947341
904,36.933654060443395
905,55.63147919761012
906,31.50236072288743
907,34.180208440635624
908,49.5376429789544
909,33.772541742005686
910,31.397858576803138
911,73.60636225312268
912,32.04611365547234
913,34.29975061175656
914,36.93363667319359
915,32.04612019735916
916,52.746729499014776
917,31.755925769142458
918,33.26701120564866
919,31.129696788556473
920,32.91319132806451
921,39.77700244018919
922,31.29215964243835
923,33.772534125610946
924,51.93539731783155
925,38.44194015338989
926,32.43921243196927
927,58.472806515824544
928,31.099577286990367
929,37.67336968106575
930,57.028787244782514
931,33.77254131821772
932,39.23614868381471
933,32.04611854113384
934,57.593270057974046
935,54.10032791128316
936,32.43920898165608
937,34.32371325092179
938,31.09991030784387
939,32.439213199504316
940,34.798659432285866
941,31.086561203010874
942,31.15461398415765
943,32.646144892465536
944,31.08892095047193
945,31.099574958107283
946,31.4378738773585
947,46.10917849536936
948,31.918783487902765
949,38.78638992423711
950,43.47496624640184
951,33.10244933626933
952,31.184721024079366
953,54.10032791128316
954,31.276633504899692
955,45.231537272517215
956,34.180201720458854
957,31.129300806087727
958,54.75905933124916
959,54.100330907381846
960,34.91808946165568
961,39.236155753806244
962,40.52522989124957
963,31.360236017559345
964,59.76958970902912
965,41.73949681711683
966,57.900365626292206
967,32.68924045261667
968,55.38293501991611
969,31.17417690889092
970,40.0527258092784
971,54.100330894201996
972,39.230997314636575
973,39.86928970311991
974,34.32371276663937
975,31.233647987099438
976,54.10032394525338
977,37.67335906401176
978,46.109171699745445
979,31.342316994530954
980,31.088919992173786
981,37.84314801055237
982,42.38719524897705
983,85.27075193339921
984,44.17660352863335
985,39.236151423099074
986,54.138049643303695
987,58.652103442425236
988,33.26701077158207
989,31.744107604313733
990,37.67337654974841
991,32.283978370971155
992,31.137039595748476
993,42.38719425819596
994,36.18586528939317
995,35.89293141317834
996,43.47496029469321
997,50.358391579221575
998,31.32501293952626
999,34.91809549618175
1000,35.8929326694751
1001,34.32371285691819
1002,31.099908850659496
1003,45.6707695392509
1004,31.904855458616623
1005,53.75849416375546
1006,59.42044295453552
1007,58.019711222651786
1008,42.99770016690059
1009,57.275894259787464
1010,43.47496536781851
1011,31.394956855130246
1012,40.468370922359284
1013,32.04611529053602
1014,40.468370922359284
1015,43.61794507087938
1016,31.744120848634935
1017,33.71989864782088
1018,31.673638581448202
1019,38.01097221261633
1020,33.77254131490449
1021,31.129297064130498
1022,38.611265637806575
1023,31.099908847133143
1024,34.32371749897817
1025,34.299746557561726
1026,31.09990734437781
1027,51.93539731783155
1028,36.933654077606974
1029,31.397856421108045
1030,32.561666150434064
1031,31.09990727072114
1032,31.32499511880124
1033,31.173989969321504
1034,43.474964551020804
1035,36.18586526360256
1036,31.23364662266313
1037,36.486280810044725
1038,40.46837427513652
1039,34.79865870548522
1040,32.013489575755166
1041,32.40178518179706
1042,31.308287810188425
1043,34.918097250315256
1044,35.892931421487916
1045,58.30990770222597
1046,51.1586070377589
1047,31.376208954905053
1048,39.23615656978081
1049,32.64614697619171
1050,33.772541742005686
1051,32.046123564405164
1052,33.71989534187795
1053,31.342316956692827
1054,31.308282492230916
1055,37.51255998157945
1056,37.67336967768411
1057,54.7590592687094
1058,31.09957320891391
1059,32.64615519888537
1060,31.67363544752571
1061,34.29975062041162
1062,31.145380730144993
1063,47.84629274914275
1064,37.34982246420305
1065,31.306934207947243
1066,31.454651295407615
1067,31.64738917896655
1068,58.12274688185755
1069,40.52523056434761
1070,38.4419311688585
1071,31.727905832919596
1072,37.67335926187394
1073,54.13804746771672
1074,58.1227469222553
1075,37.67336968106575
1076,33.10243700826605
1077,31.454640542768388
1078,44.56518265212396
1079,33.46358765188708
1080,31.129300920042752
1081,36.933629947636206
1082,31.475676735892065
1083,31.09957712499402
1084,58.836766049975836
1085,54.10033377150526
1086,31.129297825711994
1087,31.23364586501259
1088,43.47496674056157
1089,31.621739384472477
1090,51.158555786836814
1091,43.47496534981983
1092,41.78705564327671
1093,33.10244177506528
1094,40.43048073082302
1095,34.91809505388628
1096,32.56166263214385
1097,31.13741052155426
1098,31.088916624431306
1099,32.52027023448264
1100,36.93362726396573
1101,32.64614887560946
1102,35.55305578660503
1103,33.71989351621275
1104,36.18586580205246
1105,32.2466146441073
1106,31.145380750454862
1107,32.56166122670033
1108,57.028786542581656
1109,37.67335915484044
1110,40.46837084408254
1111,43.474961033794145
1112,31.09990895738757
1113,59.719765952145266
1114,32.43921482635212
1115,37.67336271494885
1116,31.091874742877508
1117,38.69863281015978
1118,32.56166627313933
1119,55.6314802721657
1120,32.64614413192138
1121,35.55305507094283
1122,53.257852887970024
1123,31.086561199520304
1124,37.67336442236967
1125,31.129300973579994
1126,35.89293267195076
1127,34.918087801493726
1128,38.43773180093281
1129,39.15567705201398
1130,32.10292328661987
1131,34.3237122574437
1132,38.836040148245374
1133,58.73281710697728
1134,31.647389176092325
1135,32.399541111364655
1136,43.47496624640184
1137,31.099913959840862
1138,37.67335414730999
1139,32.56166543473633
1140,36.93363081207813
1141,32.321925701002286
1142,37.67336969803492
1143,40.525230019363924
1144,59.71976374034127
1145,33.77253326467552
1146,31.088919992173786
1147,32.43920825945227
1148,31.744110951837044
1149,52.86537541790501
1150,37.18882380514542
1151,49.537642998812416
1152,37.188818150875
1153,59.42044762463859
1154,32.32192705202936
1155,31.259571394012717
1156,37.67336279457183
1157,31.09990725414545
1158,42.60286419237684
1159,32.809381321672134
1160,40.525230019363924
1161,31.64739183025607
1162,54.100330894201996
1163,31.497273724080216
1164,45.67075873821088
1165,32.59920529374334
1166,32.43921630796127
1167,59.42045577311385
1168,31.904869681541257
1169,33.71989876903272
1170,44.176601044677895
1171,32.439214609764875
1172,57.900364907388266
1173,32.04612548611274
1174,31.26170833027124
1175,36.93363002042347
1176,37.67336969465296
1177,31.099577081136978
1178,67.12621298596504
1179,52.79384196962506
1180,54.138047039324405
1181,32.32192715280014
1182,38.83604957986374
1183,31.099911074019758
1184,55.38293497438063
1185,32.43920954856677
1186,57.92493571851617
1187,32.56166270451408
1188,39.23616350939461
1189,45.67076614691548
1190,35.5530516430379
1191,39.50233577703135
1192,42.60286809782538
1193,38.44193531232719
1194,51.93540263350083
1195,43.474966228748535
1196,37.673369678838114
1197,31.744114145401326
1198,31.09990806230651
1199,35.55304990736228
1200,32.80939964755868
1201,55.382933828871415
1202,34.91808354980738
1203,79.44565859596547
1204,34.48297136145908
1205,31.475674797341696
1206,54.10032644874611
1207,42.60287182599863
1208,55.382936453135066
1209,55.63148000257643
1210,57.49765234264645
1211,55.26103524382084
1212,59.80734823972203
1213,38.43773438748923
1214,32.47946063773672
1215,32.56166122394358
1216,31.129299378951615
1217,31.11600841930202
1218,48.69927082823036
1219,42.60288464993094
1220,33.25022376914631
1221,46.10916837090079
1222,32.283978471747844
1223,31.475673172564683
1224,45.670759444694724
1225,54.10033214790257
1226,33.77253576618725
1227,32.32192705480912
1228,34.79866003094992
1229,55.07546574966737
1230,57.02878588607574
1231,36.93362996864751
1232,40.525230019363924
1233,37.67336969803492
1234,39.50233003665504
1235,40.24201419718277
1236,33.266998944751236
1237,31.30693110647256
1238,31.306926634906517
1239,33.266998944751236
1240,31.099574180431006
1241,49.950411186584645
1242,37.18882619031693
1243,31.936410541518057
1244,31.27663358268417
1245,58.1227475325163
1246,31.744110951837044
1247,58.12274755662384
1248,31.09990966918462
1249,33.26701067783563
1250,32.64614628325492
1251,31.755926703735263
1252,41.73949853446497
1253,43.650124798087184
1254,59.18754324817536
1255,31.099905699061807
1256,54.10032919047878
1257,31.306931030286734
1258,31.39786165747151
1259,31.30828073641299
1260,32.68924045261667
1261,35.607616343940414
1262,40.468358273225064
1263,31.75592285066753
1264,31.099907274251237
1265,36.933628127632176
1266,54.75906150528924
1267,32.06845139730625
1268,31.39785939770475
1269,58.30990132740381
1270,32.64614498602889
1271,33.5139220826241
1272,37.594565358397645
1273,37.67336442236967
1274,31.099913478739737
1275,41.7394976730196
1276,31.904859926645578
1277,33.71989695594763
1278,54.138047036789594
1279,34.918097250315256
1280,32.06845643229879
1281,32.046114584834996
1282,55.3829350107979
1283,33.35149632468264
1284,33.71989695594763
1285,58.652097849676956
1286,31.27663483999853
1287,31.394960882625327
1288,31.086561203010874
1289,39.23615484894675
1290,55.63148134834424
1291,31.325013719990373
1292,39.869288399823155
1293,31.173986406515127
1294,32.689241151727586
1295,44.00098953104752
1296,31.23328884112715
1297,54.032625094264745
1298,31.744112401410383
1299,49.53764663626776
1300,31.904859080037625
1301,33.614262990355385
1302,31.154612529813548
1303,36.933654077606974
1304,37.349825232538606
1305,32.102921780325474
1306,57.92493179950038
1307,57.49765765597709
1308,45.96522591248547
1309,31.23364345176565
1310,32.401783580901835
1311,38.83604785597449
1312,32.24661137895991
1313,33.102447526347525
1314,31.744105884583448
1315,57.02878451494039
1316,31.233288764395738
1317,31.137039595748476
1318,59.8073471665559
1319,48.69927002136742
1320,54.100333811059855
1321,31.12930741306296
1322,43.47496536781851
1323,55.382936407600845
1324,33.10244818485531
1325,54.100344160743376
1326,31.308276228685635
1327,34.3237165187465
1328,32.80938495462809
1329,31.904854858634664
1330,39.86928972240357
1331,31.261699135180663
1332,45.67076614691548
1333,44.56518458299098
1334,34.918098232674836
1335,31.129679699045035
1336,31.099572646060125
1337,31.621732704562618
1338,43.47498048561859
1339,33.266998925955924
1340,54.100323948835445
1341,31.308280084883215
1342,37.97753421435116
1343,43.4749628301639
1344,58.12274691850841
1345,31.099907200567316
1346,33.77253326467552
1347,34.042568085836194
1348,34.32371321516216
1349,39.05200189681151
1350,37.67336967506689
1351,44.565181660834995
1352,38.441942329509786
1353,42.793087413074474
1354,32.24661464131728
1355,31.306958747073963
1356,55.382935264955066
1357,31.154611613676153
1358,59.719763743300575
1359,39.50233297709454
1360,33.10244118697225
1361,34.91808775925186
1362,54.10032202596744
1363,83.16793995048947
1364,59.854826036989564
1365,54.63004476716202
1366,40.468358273225064
1367,33.2670043189309
1368,36.185868359533885
1369,31.17417393441488
1370,54.10032793113142
1371,58.9512370899738
1372,34.323717495229914
1373,34.32372309168642
1374,38.05425709529164
1375,41.7395041429857
1376,59.52570974564714
1377,36.57555755281153
1378,40.88830938620307
1379,32.32192709230418
1380,31.48026987431902
1381,35.55304653652881
1382,31.85836905477072
1383,32.401784031169115
1384,58.95124424119248
1385,31.30692271529125
1386,46.98187421673271
1387,58.12274690383935
1388,37.67337654974841
1389,44.00098952894198
1390,36.57555755281153
1391,55.38293645013671
1392,54.13804746960355
1393,58.89487170570005
1394,54.10033214790257
1395,54.100323935325086
1396,31.12930655097182
1397,40.46835912228509
1398,47.846301535209776
1399,31.306926634906517
1400,31.90485638511271
1401,37.673363620482206
1402,32.40178849537603
1403,35.553046539884335
1404,36.93363345724355
1405,31.90486125067487
1406,31.207983197030266
1407,54.10032918741141
1408,31.306931857740096
1409,37.67335529403788
1410,58.122746928926134
1411,40.525230019363924
1412,31.306927540002746
1413,33.03206645728743
1414,32.80939081920904
1415,36.225859879077845
1416,45.670769488074896
1417,35.60762072821284
1418,35.55304722527505
1419,31.154612397011682
1420,45.9652249058503
1421,38.43773137188486
1422,52.61244287803642
1423,33.351497808209196
1424,55.63148188282328
1425,31.12930665096964
1426,42.42938843526868
1427,31.174170937333557
1428,38.44194755945506
1429,55.382935016916534
1430,45.670769488074896
1431,32.24661239350475
1432,32.43921602767969
1433,31.4378738773585
1434,32.43921482635212
1435,31.401754130371017
1436,31.233289664854205
1437,31.088919992173786
1438,33.77254171580286
1439,31.099906563521955
1440,36.18587089054816
1441,34.323720044684364
1442,46.109163399556124
1443,33.15115301286541
1444,33.35149732353379
1445,43.47496443712419
1446,58.12274691850841
1447,34.91809924328974
1448,36.02020993169853
1449,43.825480017673215
1450,35.55305418237472
1451,36.2258762209873
1452,38.05424501830132
1453,31.091873825873847
1454,55.631480803404195
1455,33.614269236464224
1456,31.09990734437781
1457,31.39785868081635
1458,32.439213903337816
1459,41.73951051787637
1460,50.358372572126626
1461,36.18587214090149
1462,31.129300890134985
1463,58.91736949802968
1464,57.02878654806163
1465,59.67050983572993
1466,45.67075945316117
1467,32.43921602767969
1468,36.22587588264365
1469,39.23615142648717
1470,43.47496115159437
1471,31.084792394628707
1472,40.46837427550154
1473,45.67075288035847
1474,35.55304653652881
1475,59.4618753724551
1476,34.0425689363477
1477,34.798658790918495
1478,31.4378708942712
1479,36.93363476777796
1480,58.12274629302938
1481,31.099908082422964
1482,54.759083177405316
1483,46.10917430109312
1484,32.439211382517044
1485,32.0684572134609
1486,31.755925992009473
1487,31.325012982980567
1488,59.67049213076757
1489,31.904859926645578
1490,31.91878587094925
1491,55.38293597523921
1492,33.507523882658255
1493,32.24660575122718
1494,32.32192705527784
1495,46.10916264254389
1496,34.323713113031914
1497,31.981368123640635
1498,42.602866751228575
1499,32.59920527790083
1500,37.02957553787074
1501,33.614270457423636
1502,55.63148000408826
1503,32.10292236514229
1504,58.89487170284958
1505,40.52523000021755
1506,58.12274500403818
1507,32.04612338008126
1508,37.0295755350199
1509,35.5530550336005
1510,59.67049027356266
1511,33.351496220732685
1512,31.394963956809008
1513,34.36030062215046
1514,31.09991625245047
1515,38.75672269944593
1516,35.553059948751
1517,45.67075288035847
1518,35.88491831473628
1519,39.2361581470845
1520,35.553048245773084
1521,40.55202259335999
1522,50.35837967657211
1523,31.086556442743927
1524,37.67337140721389
1525,31.904863769672048
1526,36.95061820711715
1527,31.308280003284068
1528,54.100327178441944
1529,48.69927119823112
1530,31.275731548998635
1531,58.122746273138524
1532,55.382933825926436
1533,31.58929557617151
1534,55.63148081004761
1535,46.10916834053746
1536,40.05273094544492
1537,40.468370906685465
1538,31.129693599251276
1539,31.086561203010874
1540,31.09991514029501
1541,38.0109701575822
1542,33.10243846517335
1543,33.454972666292655
1544,38.52430184480271
1545,34.48297042380888
1546,34.91809896711324
1547,40.05272671506273
1548,40.46836744521704
1549,39.236156541802316
1550,37.67338782825989
1551,31.086561203010874
1552,33.614265553091414
1553,37.02957678294712
1554,31.638670809024532
1555,31.129304308003505
1556,32.689239753800805
1557,47.846298295618894
1558,40.05273094544492
1559,31.099906014003174
1560,35.467855931250995
1561,31.621734992547204
1562,54.100326458672725
1563,31.09991504001161
1564,37.67336450195913
1565,35.553046539884335
1566,32.43921461299963
1567,34.32371313128944
1568,36.93362984820279
1569,37.673367948084945
1570,54.13804531134737
1571,34.32372526829805
1572,34.042568066103705
1573,54.630044034982944
1574,38.18045183011162
1575,33.66845269138942
1576,78.2264796445966
1577,54.10034424988005
1578,42.38719524897705
1579,34.79865546022767
1580,31.74411249585046
1581,32.64614480169635
1582,31.755933426324198
1583,34.32371276663937
1584,33.26701120564866
1585,31.17398640949216
1586,36.185866553503956
1587,34.18020730546253
1588,31.475674797341696
1589,31.233294257089085
1590,32.04611727579507
1591,31.129687262749464
1592,41.3930236850147
1593,40.46837084032936
1594,31.247378487057382
1595,36.933628114227396
1596,42.60286419237684
1597,31.09991797346722
1598,32.64614413190966
1599,42.38719700025475
1600,44.00098952894198
1601,59.37737805511127
1602,37.02957678579913
1603,33.102441214452845
1604,34.18020171845402
1605,34.3237174454508
1606,31.843522224314192
1607,32.64614203199237
1608,43.61794360561077
1609,35.467855931250995
1610,31.09957708461532
1611,55.38293788377693
1612,31.306928366252237
1613,39.14131085269634
1614,33.89056796014164
1615,37.75986533892281
1616,55.382936453135066
1617,31.981368330966518
1618,32.04612343811126
1619,38.96308010154817
1620,31.09990895738757
1621,37.67336432094105
1622,33.35149622026655
1623,35.46785146924236
1624,37.759866010467086
1625,31.397865644524117
1626,54.10034574266784
1627,31.904859906212906
1628,40.525230019363924
1629,38.44195272450239
1630,31.08891756188134
1631,59.37737759003712
1632,42.488245119528194
1633,32.80941453980971
1634,31.184725732040725
1635,34.23971767936544
1636,55.38293812559212
1637,54.10033214790257
1638,32.046116944379946
1639,37.67336435470884
1640,34.918097250315256
1641,33.26701120564866
1642,42.60287573079574
1643,32.809394768311066
1644,31.306929956781268
1645,31.091873050512973
1646,33.61426909584096
1647,31.306931053026574
1648,42.42939019666879
1649,31.091873846027653
1650,39.5023312925854
1651,34.615656339111894
1652,55.6314808114825
1653,32.646143388271256
1654,32.646146390343546
1655,34.798659372595125
1656,36.18586553912474
1657,40.05272395962156
1658,31.147112691725518
1659,54.13804617283397
1660,59.719767061410295
1661,60.281096433363146
1662,39.236153151423196
1663,54.100330894201996
1664,32.809394768311066
1665,36.18586779240867
1666,31.621729805349176
1667,31.306929337215735
1668,35.55305509677956
1669,40.90762274082853
1670,31.30693418525918
1671,42.256284168812314
1672,33.2004071845378
1673,56.70922014029405
1674,46.1091664484549
1675,42.25628239016087
1676,32.43921390610214
1677,33.10243859234376
1678,40.52522999803053
1679,31.154614087160695
1680,38.52430184480271
1681,31.43787164177401
1682,33.51391629023232
1683,45.85632106607275
1684,53.40870332857283
1685,37.349823678796014
1686,32.43921409904678
1687,32.646145083511826
1688,32.646132222213566
1689,45.67075952505054
1690,31.85836905477072
1691,36.185865181322065
1692,55.63148215582325
1693,36.18587090710027
1694,38.83604699438704
1695,36.93362909099907
1696,32.689241148987435
1697,38.96307895583233
1698,31.70047607799215
1699,70.04570971073232
1700,36.93362898401611
1701,37.51255884081555
1702,40.05272535206832
1703,54.10032644895982
1704,57.028789211644074
1705,32.479458499421604
1706,45.6707695392509
1707,37.673359145266595
1708,46.10915786317702
1709,35.29437683117167
1710,32.246607384430156
1711,37.44827285017533
1712,33.35149710714006
1713,40.052727403963324
1714,33.10244819382281
1715,55.38293501991611
1716,32.43921846319711
1717,31.475674797341696
1718,31.904858499007617
1719,54.10033082242796
1720,35.55305507094283
1721,31.099910014848255
1722,53.05746288174977
1723,41.39302486820178
1724,31.084800176893836
1725,57.9249376753751
1726,31.173994151321438
1727,44.352331869887834
1728,32.068454274064464
1729,36.95061824620946
1730,31.08479863804679
1731,54.13804531134737
1732,31.099910127992857
1733,34.32371321428502
1734,45.231536937965885
1735,43.474968651936194
1736,31.099917816959582
1737,31.099575730881007
1738,51.24306278311041
1739,36.93362995141041
1740,36.93362817919526
1741,33.266998944751236
1742,40.468358273225064
1743,31.401754130371017
1744,33.2670074608517
1745,45.670757905044134
1746,32.04611520295158
1747,32.24661390577802
1748,34.61565632315224
1749,31.09991504001161
1750,31.174173922402538
1751,42.602870681625056
1752,38.441938502154414
1753,31.233647145939315
1754,36.575559272493564
1755,31.129291605206404
1756,54.138047468960835
1757,34.79865058353445
1758,59.807341247170804
1759,55.76099162482458
1760,53.75849635197793
1761,54.13804746960355
1762,36.57555755281153
1763,50.671288741396495
1764,35.46785019664293
1765,54.10033376843597
1766,33.35149624096431
1767,31.30693256802671
1768,38.43773436586481
1769,31.621735125645614
1770,55.382936407600845
1771,35.89293017456494
1772,36.575559272493564
1773,37.67336709038156
1774,41.73949767869973
1775,40.05272624942452
1776,31.129298634361888
1777,33.61426920550102
1778,57.028787849586024
1779,40.55202256186537
1780,33.25022376914631
1781,57.90036704821731
1782,31.90486085452654
1783,32.04612303247154
1784,31.39786014481645
1785,32.646143518489254
1786,39.86929014124716
1787,32.4392117871836
1788,36.5755584125217
1789,41.73950023081986
1790,31.129298649166955
1791,39.05200179086981
1792,37.67335915484044
1793,32.06845295914755
1794,31.088917662222627
1795,37.673357423920535
1796,35.46785595104356
1797,55.63147762195095
1798,31.306926631317097
1799,31.099904219849613
1800,55.63148081004761
1801,33.51392051324019
1802,35.46785018823655
1803,31.084794746577018
1804,32.40178609312842
1805,36.93364589050726
1806,32.867271295098895
1807,37.673376559346885
1808,32.8093947650371
1809,32.04611200401484
1810,57.885968509171576
1811,34.29974589282769
1812,43.91320096974647
1813,31.129299329227678
1814,52.84899257024982
1815,31.475674797341696
1816,53.05117990920337
1817,54.10032599199715
1818,70.04571010128493
1819,36.41048924590201
1820,36.22585730059245
1821,43.47497460868588
1822,39.961938294956695
1823,34.323713305956815
1824,31.184721024079366
1825,31.17417567651526
1826,31.09991503648355
1827,35.55306012556862
1828,35.060347406063116
1829,32.04611528101216
1830,44.35232681247233
1831,34.3237174454508
1832,34.323713305956815
1833,54.10033387718953
1834,58.652104719903264
1835,32.39953427276126
1836,34.323711914378215
1837,54.56236008893815
1838,43.41014967198889
1839,31.08891743772257
1840,33.2004063603862
1841,31.904859161601024
1842,31.129299382411986
1843,33.554516380482355
1844,31.276633344279652
1845,32.43921195914058
1846,32.06845439648437
1847,36.93362771487702
1848,40.052756740858115
1849,31.49727861167274
1850,34.79588224351794
1851,36.18586900393895
1852,35.29437413402954
1853,55.38293857641264
1854,54.13804390463222
1855,31.93641474921303
1856,39.77700309338547
1857,31.174172650062324
1858,38.01096843979892
1859,33.61426514913535
1860,45.23153728962225
1861,34.79866215498691
1862,37.67336271494885
1863,33.879191548530954
1864,32.439206851258476
1865,41.7870577386542
1866,31.09991503648355
1867,31.26169989869419
1868,58.194448642934084
1869,31.62174174524104
1870,38.010972210281125
1871,36.56253759250078
1872,38.96308010154817
1873,31.91878330004181
1874,31.174175751315197
1875,32.0461231276111
1876,34.918097250315256
1877,32.40178407894774
1878,37.67336615730367
1879,50.35837415689099
1880,53.09969461778512
1881,40.468370828450865
1882,45.23153700741925
1883,33.5139220826241
1884,32.646145542306066
1885,34.32371311955859
1886,59.42044426072799
1887,36.93362984820279
1888,31.308280073975034
1889,56.51923978645972
1890,31.261698425039825
1891,31.099911587493892
1892,31.099919900746542
1893,40.46836738603557
1894,31.08479687799865
1895,55.6314829634007
1896,34.91809810970459
1897,58.65210409269223
1898,38.915608010490075
1899,59.80734931934314
1900,36.93362984820279
1901,31.129299332226694
1902,31.306926634906517
1903,34.61565801141846
1904,59.85482236298654
1905,31.129695193294822
1906,31.904862305001572
1907,32.64614692005487
1908,31.744124080759278
1909,31.647395046028144
1910,31.7559290164931
1911,31.23364345176565
1912,53.75849187963561
1913,58.951258968334706
1914,54.13804964271473
1915,36.93363081207813
1916,31.129299332226694
1917,44.56518310303947
1918,31.233288814107013
1919,38.44194169282347
1920,38.836052896538924
1921,37.34982365931384
1922,34.323718335977375
1923,31.72790720199108
1924,54.409284476624066
1925,35.46785754121161
1926,31.904859077200527
1927,32.59920517930019
1928,31.394962525676434
1929,31.129307389290545
1930,40.88830338560213
1931,32.689241148987435
1932,36.93362987292805
1933,31.904859926645578
1934,31.308278485538736
1935,31.43787686238216
1936,31.173985737791384
1937,36.93362910064183
1938,54.10033387714063
1939,54.10031625491678
1940,43.47496029469321
1941,34.18020037743095
1942,37.67335915484044
1943,37.349822481305544
1944,31.15461411385855
1945,33.26699805251858
1946,35.89293142396085
1947,31.233288844248364
1948,43.47496536781851
1949,53.75849187654849
1950,36.18587092677852
1951,31.099908082422964
1952,34.323720894742266
1953,42.42938969871807
1954,31.437872386666
1955,37.67335932631444
1956,38.611266197695514
1957,54.10033980876594
1958,45.670759521395
1959,31.12930665096964
1960,32.80937818105042
1961,43.93151954567202
1962,31.174173937517168
1963,36.93362823084492
1964,31.14537844876741
1965,54.10033376819258
1966,34.918097250315256
1967,32.4392163353202
1968,38.96307895583233
1969,31.480266934134065
1970,54.10033436947341
1971,31.397854856102825
1972,34.91810154775031
1973,36.2258762209873
1974,32.80938080002596
1975,31.306926634906517
1976,44.176603557340506
1977,37.75986482978258
1978,40.46836912350878
1979,31.376210572492568
1980,59.85482237283092
1981,32.809382936333456
1982,42.38719631112533
1983,37.67336361091179
1984,32.43921237084924
1985,43.47496449247633
1986,49.53764745152635
1987,57.924925290228664
1988,31.475674797341696
1989,36.1858696685297
1990,56.220973956704974
1991,33.15115301332919
1992,59.86340910405757
1993,31.308287810652025
1994,31.09187380527203
1995,31.27663482041168
1996,31.099913959840862
1997,58.30990379600414
1998,52.68627524874616
1999,32.43921390610214
2000,31.74410518139794
2001,31.23328966455594
2002,40.52523000021755
2003,34.04256787755324
2004,31.306926674458666
2005,31.09542760518761
2006,32.68924033036201
2007,34.798663143778555
2008,37.67335915484044
2009,31.184725068398564
2010,31.129299382411986
2011,34.20994170001987
2012,39.236158244782686
2013,53.25785299796577
2014,40.46837084408254
2015,39.50232999811658
2016,31.30692651499843
2017,31.12931380447661
2018,32.64614069905812
2019,58.19444864804201
2020,31.30827857740877
2021,35.60762146870091
2022,58.951237090150315
2023,32.01347631012263
2024,34.918101539511525
2025,35.55306890912519
2026,78.22647964457721
2027,31.17398640902985
2028,31.90486673707521
2029,41.739504448022025
2030,36.225857314059624
2031,33.102442562152675
2032,35.553049970582464
2033,32.439211979239964
2034,37.67337054512688
2035,33.71989534561282
2036,32.068455115594745
2037,38.44194014351689
2038,32.59920527790083
2039,32.246613946030884
2040,31.40175491803386
2041,37.75986779147145
2042,31.129303444463112
2043,31.09991797346722
2044,43.47496284269582
2045,43.47496624640184
2046,31.621735645410048
2047,33.20040635769239
2048,34.323723982713446
2049,73.60636357912497
2050,36.9336348630422
2051,40.888308788230034
2052,33.7619872993053
2053,55.3829350107979
2054,33.46358345981564
2055,31.621735141840503
2056,31.110046350689267
2057,55.3829378867714
2058,51.93539808923042
2059,31.09991504001161
2060,33.351496446585536
2061,31.18472659731455
2062,32.64614779195827
2063,31.129298593762236
2064,58.122743689681606
2065,32.06845435562737
2066,44.17660439998769
2067,54.10033387718953
2068,32.04611687297262
2069,34.918097250315256
2070,44.176602303448135
2071,32.04612316822749
2072,40.052733765073576
2073,34.32371106197593
2074,32.64614413190966
2075,31.621731089925746
2076,38.69862584206925
2077,37.67336442236967
2078,31.129299332226694
2079,58.12274756916693
2080,53.758494859702225
2081,33.267010742869545
2082,31.154614073380714
2083,45.67075286856893
2084,43.47496623175759
2085,34.91809812554885
2086,48.69927897528346
2087,45.231537272517215
2088,33.20040641885148
2089,33.77254049325583
2090,45.67075454466449
2091,36.18586508423049
2092,31.099907263884703
2093,32.36044307284851
2094,55.97018289481162
2095,31.904865938558785
2096,38.0109706826374
2097,31.918782663760773
2098,32.40178765979257
2099,38.524304183568255
2100,31.39785487698162
2101,54.032611415205096
2102,33.102442562152675
2103,35.294372425130234
2104,45.93394746707884
2105,39.05200637379754
2106,31.904865182283366
2107,32.246607384430156
2108,54.696664830376946
2109,39.236158244782686
2110,43.913211212864695
2111,31.39497330736463
2112,54.10033377150526
2113,54.100330894201996
2114,37.67337140944031
2115,32.32192633995437
2116,31.27663482041168
2117,37.349821265350656
2118,31.23364345176565
2119,58.47280877932531
2120,39.05200063222375
2121,37.34982158110786
2122,36.93364208242066
2123,35.467854690551995
2124,42.42939021152931
2125,55.382932359631766
2126,54.1003256896007
2127,31.62173570792936
2128,43.826746970644365
2129,32.646146942747485
2130,31.394962525676434
2131,34.180207390289624
2132,36.18586831476252
2133,54.22661311114457
2134,37.673369678838114
2135,32.64614358401498
2136,45.23152474848135
2137,59.80734716795837
2138,56.24957856039783
2139,41.730924894679504
2140,31.09542605613089
2141,54.10031740194198
2142,58.30991279412768
2143,31.174173147067812
2144,32.646146972493625
2145,31.62173277024938
2146,31.088919992173786
2147,54.56235982900952
2148,54.75905859390308
2149,57.593263915131054
2150,32.68923903166269
2151,36.933635611107746
2152,37.75986959967175
2153,53.75849490971825
2154,38.44193877925259
2155,40.46837521756787
2156,33.35149632468264
2157,34.180201136145826
2158,58.65210222375785
2159,39.236157991017315
2160,66.39665007828407
2161,35.294374251075325
2162,58.951243570787945
2163,31.112567939041703
2164,40.05273267325071
2165,31.904859926645578
2166,31.700478198544587
2167,37.34982256171217
2168,40.05272671506273
2169,31.23364662266313
2170,32.24660676709486
2171,31.39497168091895
2172,55.38293501991611
2173,31.306926302543836
2174,40.052731018771894
2175,32.046121076936856
2176,32.56166403876727
2177,32.32192705202936
2178,31.90486518512096
2179,32.013484232243925
2180,33.10244755487864
2181,38.05424218263347
2182,39.236164790425136
2183,31.17399309139121
2184,47.84629830370436
2185,55.382936444018526
2186,36.18586526360256
2187,51.93543196819166
2188,38.96307895583233
2189,31.621732773589287
2190,32.68924049346247
2191,31.099907163536145
2192,31.099907153799677
2193,31.43787164177401
2194,37.67336967506689
2195,39.23616090305539
2196,38.963078840970624
2197,54.696664835886686
2198,33.35149646434199
2199,44.35232766991164
2200,35.55305513243722
2201,35.81779079958726
2202,46.10916337764204
2203,31.85836987786149
2204,37.673374869207585
2205,54.100330894201996
2206,37.67335922358758
2207,40.05273273988523
2208,31.086561223231257
2209,45.231535678057625
2210,31.129299220408427
2211,32.439216234576136
2212,35.4678538869513
2213,31.12929408536114
2214,39.236159967523754
2215,31.129297057967946
2216,36.93363688830948
2217,38.44195270786998
2218,58.30991407385941
2219,37.67336795146626
2220,31.174169346691166
2221,31.09991504001161
2222,40.468367398280996
2223,37.67335656362526
2224,31.621736444079687
2225,33.61426304897519
2226,39.05200188681653
2227,51.935398092396454
2228,59.80735898098369
2229,41.739504527531004
2230,42.79308735779958
2231,57.900365626292206
2232,43.47496621376435
2233,65.67003593828504
2234,35.46785145998021
2235,33.61426491763184
2236,31.306919671689982
2237,31.981370797470817
2238,92.89969001134372
2239,31.233295866728312
2240,31.091873846027653
2241,41.78705721086156
2242,38.44193936389895
2243,38.265806202235225
2244,40.05272586661123
2245,31.49727349112598
2246,38.52430186411023
2247,57.0287940214326
2248,43.913204425377685
2249,31.74411209052967
2250,31.613705900138065
2251,31.09990421253044
2252,42.42939226456852
2253,32.68923963154498
2254,31.27663350195182
2255,31.129299352507743
2256,56.22097395721359
2257,31.099574955088286
2258,33.15115301808419
2259,54.56235916387954
2260,38.786391513082606
2261,31.12930279431123
2262,31.306928366252237
2263,38.6112650227371
2264,37.67336795146626
2265,36.63925369316204
2266,54.10033437254488
2267,32.24660657143238
2268,32.4392163353202
2269,52.68627220010889
2270,37.67336795369329
2271,59.71976374577632
2272,31.233288043575826
2273,35.53749063306656
2274,32.246617180829915
2275,31.30828336030676
2276,32.04611200401484
2277,38.44193842016514
2278,32.24660453756775
2279,37.673359179037654
2280,45.96522585937369
2281,31.09957089124633
2282,31.12930513440203
2283,31.11004641387634
2284,50.032386879150295
2285,31.8289859108379
2286,43.91321120950738
2287,31.325013777886056
2288,33.614265643240714
2289,31.306927430903052
2290,45.96522488584618
2291,33.71989534561282
2292,59.67049213306611
2293,31.4378738773585
2294,54.10033976602105
2295,39.50233352749282
2296,50.969482282986526
2297,34.798654662801454
2298,32.7329056369812
2299,37.67336450933911
2300,55.38293210918153
2301,43.474958643277084
2302,32.439213199504316
2303,31.39785776309096
2304,31.32501388198186
2305,31.49727046278253
2306,38.44195272450239
2307,31.0999089500785
2308,32.43920756431694
2309,36.22585560636408
2310,34.48297153025129
2311,37.26910568365381
2312,37.029576763421225
2313,50.35839158680832
2314,31.12969998274521
2315,37.97752294670062
2316,36.08840614467559
2317,35.68468144689706
2318,31.936403906632208
2319,33.614261612574296
2320,31.129298593762236
2321,31.4378761156741
2322,34.91809724805194
2323,58.652104062351924
2324,39.50233355151465
2325,43.474962833883254
2326,55.38293497438063
2327,31.099911526092214
2328,31.85836905477072
2329,53.443150687754674
2330,45.67076781712773
2331,38.18044705875888
2332,34.0425672356081
2333,59.67049351248252
2334,31.236341794964652
2335,55.631482154467164
2336,40.46837089102058
2337,40.46837432361413
2338,31.086561203010874
2339,31.437873874447064
2340,34.042567197395016
2341,43.474966217125285
2342,31.475674797341696
2343,32.43921602767969
2344,34.323718335977375
2345,38.61126621464068
2346,58.122747527311674
2347,57.27588930910253
2348,31.099900113773835
2349,31.09957574052494
2350,42.256284168812314
2351,55.38293813492176
2352,37.34982126772654
2353,42.387197960030505
2354,38.836059955405354
2355,45.231534471109626
